sampid,famid,ssex,Plate,Tray,area_wk3,perim_wk3,circ_wk3,Days_gam,Total_gam
P_1_2_10,1,f,1A,Tray 10,0.64593717,4.222708011,0.454985768,22,8
P_1_2_2,1,f,12A,Tray 15,0.054622116,1.370417704,0.365302157,22,1
P_1_2_10,1,f,1B,Tray 5,0.520319425,3.45436201,0.547676342,22,7
P_1_2_2,1,f,12C,Tray 9,0.071199224,1.304499899,0.525504938,22,1
P_1_2_10,1,f,1C,Tray 9,0.491309485,4.008273357,0.384087456,22,11
P_1_2_1,1,m,10C,Tray 1,1.05178225,4.432299724,0.672445722,22,0
P_1_2_11,1,m,15B,Tray 1,0.621094129,3.393623461,0.677360327,22,0
P_1_2_1,1,m,10B,Tray 11,0.490386523,4.592722136,0.292003343,22,0
P_1_2_1,1,m,10A,Tray 14,0.763198497,4.412120804,0.492416227,22,0
P_1_2_11,1,m,15A,Tray 2,0.910284141,3.996166005,0.715944857,22,0
P_1_2_11,1,m,15C,Tray 3,0.996648886,4.593327504,0.593303625,22,0
P_1_5_6,2,f,3A,Tray 1,0.979316216,7.423690052,0.22318907,22,0
P_1_5_12,2,f,9A,Tray 1,0.161825879,3.005851887,0.224958527,22,1
P_1_5_2,2,f,13A,Tray 12,0.56942187,3.581421941,0.557587209,22,6
P_1_5_3,2,f,13A,Tray 12,0.452576781,4.74769624,0.252183146,7,18
P_1_5_2,2,f,13B,Tray 2,0.715747428,6.15840452,0.237035291,7,8
P_1_5_3,2,f,13B,Tray 2,0.728374806,6.037600054,0.250966569,22,17
P_1_5_6,2,f,3B,Tray 2,0.852725742,5.817178987,0.316500324,22,5
P_1_5_12,2,f,9B,Tray 2,0.180158423,2.17508576,0.478290155,22,1
P_1_5_6,2,f,3C,Tray 3,0.914935142,8.105872066,0.174896234,22,1
P_1_5_12,2,f,9C,Tray 3,0.24997773,3.267774265,0.294026763,22,2
P_1_5_1,2,f,17A,Tray 7,0.503764938,4.262460483,0.348254587,22,0
P_1_5_1,2,f,17B,Tray 7,0.011220314,0.564606175,0.442082568,22,0
P_1_5_1,2,f,17C,Tray 7,0.781879414,3.997645793,0.614498456,22,0
P_1_5_2,2,f,13C,Tray 8,0.626319719,4.655613103,0.362937598,22,5
P_1_5_3,2,f,13C,Tray 8,0.569643562,4.171319029,0.41119329,22,19
P_1_5_9,2,m,15B,Tray 1,0.470669537,3.000672631,0.656551043,22,1
P_1_5_4,2,m,11A,Tray 10,0.897665812,4.111723952,0.666893409,22,0
P_1_5_4,2,m,11B,Tray 10,0.82997746,4.203336248,0.590021275,22,0
P_1_5_4,2,m,11C,Tray 10,0.870940654,4.003094101,0.682631939,22,0
P_1_5_11,2,m,12A,Tray 15,0.736753846,3.63953723,0.698585744,22,2
P_1_5_9,2,m,15A,Tray 2,0.425824477,2.792964283,0.685629502,22,0
P_1_5_9,2,m,15C,Tray 3,0.678928512,3.944844286,0.547966435,7,2
P_1_5_5,2,m,16A,Tray 4,0.720801094,4.073316742,0.545643156,22,0
P_1_5_5,2,m,16B,Tray 4,0.805152516,4.556467344,0.487092306,22,0
P_1_5_5,2,m,16C,Tray 4,0.910442492,4.344723212,0.605784183,22,0
P_1_5_11,2,m,12B,Tray 5,0.52726878,3.481334499,0.546424532,22,0
P_1_5_11,2,m,12C,Tray 9,0.74474832,6.26064438,0.238649814,22,0
P_1_6_3,3,f,10C,Tray 1,0.088445932,1.656487523,0.404847224,22,0
P_1_6_2,3,f,19A,Tray 1,0.367329543,4.529494854,0.224877475,22,0
P_1_6_15,3,f,2B,Tray 1,1.026106734,5.873949015,0.373526856,22,5
P_1_6_15,3,f,2C,Tray 1,0.541457048,6.656487523,0.153484105,22,3
P_1_6_5,3,f,3A,Tray 1,1.224796772,8.031210063,0.238501822,22,0
P_1_6_3,3,f,10B,Tray 11,0.023969848,0.933073249,0.345798761,22,0
P_1_6_3,3,f,10A,Tray 14,0.393041254,3.585861304,0.383920056,22,1
P_1_6_7,3,f,12A,Tray 15,0.437090034,4.561377548,0.263856928,22,0
P_1_6_2,3,f,19B,Tray 2,0.211371707,4.590300666,0.125995266,22,0
P_1_6_5,3,f,3B,Tray 2,0.638571577,5.028250488,0.317223546,22,1
P_1_6_15,3,f,2A,Tray 3,0.701446053,6.77951167,0.191684541,22,1
P_1_6_5,3,f,3C,Tray 3,0.915342331,7.108428062,0.227523385,22,9
P_1_6_7,3,f,12B,Tray 5,0.5946721,4.893522567,0.311906203,22,2
P_1_6_2,3,f,19C,Tray 7,0.081415139,1.627160826,0.386219189,22,0
P_1_6_7,3,f,12C,Tray 9,0.509750613,4.101903545,0.380519142,22,1
P_1_6_14,3,m,13A,Tray 12,0.370320119,3.718436806,0.336392369,22,7
P_1_6_14,3,m,13B,Tray 2,0.394991236,4.003699469,0.309495371,22,3
P_1_6_13,3,m,18A,Tray 4,0.737305813,5.620636309,0.293134091,22,10
P_1_6_13,3,m,18B,Tray 4,0.97948814,7.318490617,0.229691953,22,17
P_1_6_13,3,m,18C,Tray 7,0.88380782,6.874756171,0.234872884,22,11
P_1_6_14,3,m,13C,Tray 8,0.337686198,4.616331472,0.199025617,22,5
P_11_16_5,4,f,3A,Tray 1,1.00117773,7.71762965,0.211121738,22,0
P_11_16_18,4,f,7A,Tray 10,0.626586654,3.770700209,0.553511654,22,1
P_11_16_12,4,f,5C,Tray 12,1.00929436,7.395305038,0.231790323,22,13
P_11_16_18,4,f,7B,Tray 12,0.876668443,5.017353871,0.437396746,22,2
P_11_16_7,4,f,12A,Tray 15,0.558531832,7.761619695,0.116448219,22,0
P_11_16_5,4,f,3B,Tray 2,0.810360009,7.142799489,0.199494406,7,2
P_11_16_12,4,f,5B,Tray 2,0.97928907,6.353400148,0.304710998,22,16
P_11_16_18,4,f,7C,Tray 2,1.002313335,4.845900316,0.53609801,22,15
P_11_16_5,4,f,3C,Tray 3,0.757009227,4.089056299,0.568649462,22,0
P_11_16_7,4,f,12B,Tray 5,0.679367371,4.319163247,0.457398869,22,0
P_11_16_12,4,f,5A,Tray 8,0.890951721,5.581152889,0.359249334,22,4
P_11_16_7,4,f,12C,Tray 9,0.396036354,2.985336652,0.55813347,22,0
P_11_16_15,4,m,15B,Tray 1,0.943791255,4.282504877,0.64635313,22,0
P_11_16_14,4,m,9A,Tray 1,0.641756699,6.447030336,0.193928046,22,4
P_11_16_20,4,m,11A,Tray 10,0.835895271,5.72751732,0.32004326,22,1
P_11_16_20,4,m,11B,Tray 10,0.739364379,5.78280756,0.277696677,22,0
P_11_16_20,4,m,11C,Tray 10,0.63020611,4.944978812,0.323700506,22,0
P_11_16_15,4,m,15A,Tray 2,1.070766297,4.568372906,0.644408467,22,0
P_11_16_14,4,m,9B,Tray 2,0.556156564,4.997242214,0.279721537,22,2
P_11_16_15,4,m,15C,Tray 3,0.752643258,5.413533329,0.322564958,22,0
P_11_16_14,4,m,9C,Tray 3,0.566046727,5.623932199,0.224782124,22,0
P_14_11_6,5,f,2B,Tray 1,0.614411708,4.711239658,0.347679215,22,0
P_14_11_6,5,f,2C,Tray 1,0.458309094,3.175892917,0.570711223,22,0
P_14_11_8,5,f,7A,Tray 10,0.786865215,3.905293603,0.64801134,22,4
P_14_11_4,5,f,5C,Tray 12,0.542800771,3.516513083,0.551322377,22,3
P_14_11_8,5,f,7B,Tray 12,0.242969558,5.516983924,0.100262393,22,0
P_14_11_7,5,f,8C,Tray 12,0.360126826,2.739826461,0.6025582,7,1
P_14_11_7,5,f,8A,Tray 15,0.29069661,2.578865945,0.548999657,22,0
P_14_11_4,5,f,5B,Tray 2,0.503181301,3.463442524,0.526863561,22,0
P_14_11_8,5,f,7C,Tray 2,0.721334964,3.850675994,0.61101612,22,2
P_14_11_7,5,f,8B,Tray 2,0.487205926,3.437008139,0.518013503,22,2
P_14_11_6,5,f,2A,Tray 3,0.611959527,4.059191498,0.466480248,22,2
P_14_11_4,5,f,5A,Tray 8,0.45813717,2.926010628,0.672099187,22,0
P_14_11_5,5,m,28A,Tray 1,0.615655896,4.316069146,0.415098243,22,3
P_14_11_14,5,m,9A,Tray 1,0.646679159,3.807493106,0.560273721,22,3
P_14_11_15,5,m,13A,Tray 12,0.992961565,4.544023677,0.604005519,22,18
P_14_11_15,5,m,13B,Tray 2,0.793497868,4.940001345,0.408395802,22,15
P_14_11_5,5,m,28B,Tray 2,0.534394584,3.984933073,0.422677981,22,0
P_14_11_14,5,m,9B,Tray 2,0.628301371,3.52895675,0.633672668,22,8
P_14_11_5,5,m,28C,Tray 3,0.544877434,3.928095783,0.443531351,22,0
P_14_11_16,5,m,6B,Tray 3,0.817811564,6.191767001,0.267925269,22,17
P_14_11_14,5,m,9C,Tray 3,0.333989829,3.37384812,0.368529132,7,3
P_14_11_16,5,m,6C,Tray 4,0.87546045,5.108091747,0.421413838,22,1
P_14_11_15,5,m,13C,Tray 8,0.989527606,5.272280891,0.447116271,22,15
P_14_11_16,5,m,6A,Tray 8,0.834922542,6.114010897,0.280532647,16,6
P_14_13_10,6,f,19A,Tray 1,0.787421706,4.872738279,0.416534378,22,0
P_14_13_6,6,f,3A,Tray 1,1.000702677,7.571601534,0.2192397,22,0
P_14_13_12,6,f,9A,Tray 1,0.421277535,3.989843277,0.332388712,22,12
P_14_13_2,6,f,1A,Tray 10,0.472700956,2.968520885,0.673745539,22,4
P_14_13_10,6,f,19B,Tray 2,0.392127341,4.602542544,0.232499028,22,0
P_14_13_6,6,f,3B,Tray 2,0.786028216,4.579000471,0.470854146,7,2
P_14_13_12,6,f,9B,Tray 2,0.434176371,3.191632475,0.535340467,22,18
P_14_13_6,6,f,3C,Tray 3,0.458829391,3.943431762,0.370588731,22,0
P_14_13_12,6,f,9C,Tray 3,0.288565656,3.355687092,0.32186323,22,14
P_14_13_2,6,f,1B,Tray 5,0.502968657,3.16587072,0.630295505,7,6
P_14_13_10,6,f,19C,Tray 7,0.506425238,6.629515033,0.144724301,22,0
P_14_13_7,6,f,27A,Tray 7,0.34655839,4.093495662,0.259763058,22,9
P_14_13_7,6,f,27B,Tray 7,0.669698899,5.420663214,0.286262443,22,13
P_14_13_7,6,f,27C,Tray 7,0.610882739,4.425438892,0.391773266,22,18
P_14_13_2,6,f,1C,Tray 9,0.377572604,3.035447636,0.514688688,22,5
P_14_13_4,6,m,28A,Tray 1,0.494073844,5.54476357,0.201843811,22,15
P_14_13_14,6,m,5C,Tray 12,0.811255824,4.355081725,0.537223311,22,2
P_14_13_4,6,m,28B,Tray 2,0.759135657,4.479451133,0.475181391,22,14
P_14_13_14,6,m,5B,Tray 2,0.738043277,4.075065581,0.558215978,22,2
P_14_13_4,6,m,28C,Tray 3,0.660053049,4.515033295,0.406674149,22,11
P_14_13_5,6,m,16A,Tray 4,0.63349529,4.727450057,0.356023882,22,0
P_14_13_5,6,m,16B,Tray 4,0.547940399,5.950830699,0.194342494,22,0
P_14_13_5,6,m,16C,Tray 4,0.44340146,4.46599852,0.279221984,22,1
P_14_13_13,6,m,20A,Tray 4,0.516718066,5.371762965,0.224910434,22,1
P_14_13_13,6,m,20B,Tray 4,0.598947583,3.182350172,0.74281818,22,5
P_14_13_13,6,m,20C,Tray 4,0.360402809,2.674581287,0.632799611,22,7
P_14_13_14,6,m,5A,Tray 8,0.927643957,4.374924329,0.608737236,22,11
P_14_16_4,7,f,10C,Tray 1,0.163558693,2.101029125,0.465370796,22,0
P_14_16_7,7,f,19A,Tray 1,0.446301549,6.315867357,0.140524495,22,0
P_14_16_5,7,f,30A,Tray 1,0.451418555,4.402502186,0.292529646,22,0
P_14_16_4,7,f,10B,Tray 11,0.02282067,1.026905226,0.271804915,22,0
P_14_16_4,7,f,10A,Tray 14,0.049631791,1.351314993,0.341378679,22,0
P_14_16_7,7,f,19B,Tray 2,0.3383377,5.019909867,0.168635185,22,0
P_14_16_5,7,f,30B,Tray 2,0.539181315,5.08555862,0.261846723,22,1
P_14_16_5,7,f,30C,Tray 3,0.499317531,4.442927289,0.317707921,22,0
P_14_16_14,7,f,18A,Tray 4,1.047778227,6.90018161,0.276399954,22,2
P_14_16_14,7,f,18B,Tray 4,1.113905688,6.605569382,0.320639885,22,0
P_14_16_14,7,f,18C,Tray 7,0.872605604,5.658169099,0.342338538,22,0
P_14_16_7,7,f,19C,Tray 7,0.111872861,1.764444743,0.451334218,22,0
P_14_16_13,7,m,2B,Tray 1,0.818956217,6.89096657,0.216615753,22,1
P_14_16_13,7,m,2C,Tray 1,0.572742721,8.594874554,0.097380081,22,1
P_14_16_8,7,m,13A,Tray 12,0.751227146,4.561108495,0.453544711,22,0
P_14_16_3,7,m,26A,Tray 12,0.55831014,4.723145221,0.314342105,7,2
P_14_16_8,7,m,13B,Tray 2,0.947501197,5.491760274,0.394590172,22,0
P_14_16_3,7,m,26B,Tray 2,0.769935209,5.653729737,0.302533681,22,5
P_14_16_13,7,m,2A,Tray 3,0.685561165,7.512813614,0.152556466,22,1
P_14_16_16,7,m,6B,Tray 3,0.743332208,4.240129145,0.519295335,22,0
P_14_16_16,7,m,6C,Tray 4,0.779305076,3.98486581,0.616410094,22,0
P_14_16_15,7,m,27A,Tray 7,0.841763314,7.151005583,0.206749943,22,1
P_14_16_15,7,m,27B,Tray 7,0.589378646,4.661397727,0.340683983,22,1
P_14_16_8,7,m,13C,Tray 8,0.81105223,4.471312302,0.509528467,22,0
P_14_16_3,7,m,26C,Tray 8,0.858073488,5.757180332,0.32515801,22,7
P_14_16_16,7,m,6A,Tray 8,0.910686805,5.021591444,0.453603015,22,5
P_14_22_5,8,f,13A,Tray 12,0.283842266,2.887199839,0.427674163,22,1
P_14_22_9,8,f,8C,Tray 12,0.66267263,4.860092823,0.352370502,22,2
P_14_22_1,8,f,12A,Tray 15,0.694840546,6.886998049,0.18399875,22,12
P_14_22_9,8,f,8A,Tray 15,0.543918278,4.425506155,0.348816801,22,0
P_14_22_5,8,f,13B,Tray 2,0.465647542,4.359655613,0.307710691,7,8
P_14_22_9,8,f,8B,Tray 2,0.663916818,4.223986009,0.467367348,22,3
P_14_22_1,8,f,12B,Tray 5,0.246969057,2.776619358,0.402345816,22,15
P_14_22_1,8,f,27A,Tray 7,0.923463485,8.47521356,0.161476031,22,6
P_14_22_1,8,f,27B,Tray 7,1.102341526,7.743189615,0.230922377,22,9
P_14_22_1,8,f,27C,Tray 7,1.075856157,6.369341495,0.333084774,22,5
P_14_22_5,8,f,13C,Tray 8,0.553541507,4.985538441,0.279714959,7,12
P_14_22_1,8,f,12C,Tray 9,0.383051555,4.193246788,0.273618856,7,19
P_14_22_4,8,m,9A,Tray 1,0.638295594,4.693751261,0.363891025,22,0
P_14_22_4,8,m,9B,Tray 2,0.44243778,3.469227147,0.461717538,22,0
P_14_22_4,8,m,9C,Tray 3,0.540068082,4.560368602,0.326165676,22,2
P_14_7_2,9,f,19A,Tray 1,0.113334217,3.095042712,0.148599515,22,0
P_14_7_7,9,f,12A,Tray 15,1.25604625,7.874016278,0.254450117,22,1
P_14_7_2,9,f,19B,Tray 2,0.040741502,0.949014596,0.56817339,22,0
P_14_7_5,9,f,18A,Tray 4,0.554808316,4.762897693,0.307177991,22,1
P_14_7_5,9,f,18B,Tray 4,0.931435337,5.366449183,0.406226553,22,0
P_14_7_3,9,f,20A,Tray 4,0.096006071,2.427860362,0.20456952,22,0
P_14_7_3,9,f,20B,Tray 4,0.157957585,2.136544024,0.434616723,22,0
P_14_7_3,9,f,20C,Tray 4,0.033448298,1.222506222,0.281100428,22,0
P_14_7_7,9,f,12B,Tray 5,1.031042767,5.990650434,0.360843064,22,3
P_14_7_5,9,f,18C,Tray 7,0.535864988,5.936100087,0.191004057,22,1
P_14_7_2,9,f,19C,Tray 7,0.049726801,0.956211744,0.683080705,22,0
P_14_7_7,9,f,12C,Tray 9,0.96458503,9.354072779,0.138461384,22,0
P_14_7_11,9,m,30A,Tray 1,0.254882093,3.881213426,0.212517116,22,4
P_14_7_14,9,m,13A,Tray 12,0.68220412,5.545705253,0.278605964,22,6
P_14_7_14,9,m,13B,Tray 2,0.873587381,5.240263671,0.399567091,22,0
P_14_7_11,9,m,30B,Tray 2,0.271364191,2.838165064,0.423123238,22,2
P_14_7_11,9,m,30C,Tray 3,0.26122519,3.182081119,0.324027746,22,3
P_14_7_14,9,m,13C,Tray 8,0.846391693,4.569449115,0.509135455,22,5
P_14_7_15,9,m,31A,Tray 9,0.808912226,7.845833053,0.165049006,22,0
P_14_7_15,9,m,31B,Tray 9,1.23379112,9.380305374,0.176115397,22,0
P_14_7_15,9,m,31C,Tray 9,0.499964509,3.4844286,0.517208527,22,0
P_15_3_3_B,10,f,19A,Tray 1,0.544832191,6.622385148,0.15603554,7,4
P_15_3_13B,10,f,28A,Tray 1,0.430584061,4.60355149,0.255188782,7,6
P_15_3_4_B,10,f,5C,Tray 12,0.756443687,4.8231654,0.408415233,22,0
P_15_3_1 B,10,f,8C,Tray 12,0.931123159,6.259904486,0.298442971,7,3
P_15_3_1 B,10,f,8A,Tray 15,0.607009921,4.770229367,0.335047904,7,7
P_15_3_3_B,10,f,19B,Tray 2,0.604865393,5.665769826,0.236663086,7,3
P_15_3_13B,10,f,28B,Tray 2,0.07565568,1.62373041,0.36041539,7,2
P_15_3_4_B,10,f,5B,Tray 2,0.740775967,4.294006861,0.504604426,22,1
P_15_3_1 B,10,f,8B,Tray 2,0.667192426,4.750252236,0.371370502,22,1
P_15_3_13B,10,f,28C,Tray 3,0.072009078,1.387906101,0.469522834,7,2
P_15_3_12_B,10,f,18A,Tray 4,0.701246983,5.503194996,0.290824401,15,2
P_15_3_12_B,10,f,18B,Tray 4,0.707210036,4.832178651,0.380410145,15,15
P_15_3_12_B,10,f,18C,Tray 7,0.529440454,6.575301002,0.153806781,22,16
P_15_3_3_B,10,f,19C,Tray 7,0.794832542,6.498284792,0.236411064,7,2
P_15_3_4_B,10,f,5A,Tray 8,0.723515686,4.531445483,0.442551759,22,1
P_15_3_14B,10,m,3A,Tray 1,1.47315932,9.743324141,0.194905931,22,10
P_15_3_5B,10,m,21A,Tray 10,1.260593192,6.16102778,0.417117358,7,4
P_15_3_5B,10,m,21B,Tray 10,0.912745371,5.973094774,0.321322004,22,9
P_15_3_5B,10,m,21C,Tray 10,1.336199104,6.775475886,0.365578972,22,14
P_15_3_14B,10,m,3B,Tray 2,1.138653719,8.903342974,0.180416021,22,3
P_15_3_14B,10,m,3C,Tray 3,0.892299969,7.620165467,0.193006401,22,1
P_15_6_10,11,f,9A,Tray 1,0.612502445,7.532521692,0.135586573,22,1
P_15_6_6,11,f,1A,Tray 10,0.93763818,4.679289702,0.537854807,22,4
P_15_6_10,11,f,9B,Tray 2,0.373916953,3.659110782,0.350762922,22,1
P_15_6_10,11,f,9C,Tray 3,0.335351649,5.152014529,0.158685019,22,0
P_15_6_6,11,f,1B,Tray 5,0.96634499,5.833523912,0.356664491,22,16
P_15_6_6,11,f,1C,Tray 9,0.828701602,4.740768144,0.46311664,22,10
P_15_6_4,11,m,24A,Tray 1,0.795959098,5.047689514,0.392369394,22,2
P_15_6_3,11,m,28A,Tray 1,0.904768995,11.03141185,0.093382426,22,0
P_15_6_7,11,m,23A,Tray 11,0.941352647,5.504069415,0.3902781,21,1
P_15_6_2,11,m,26A,Tray 12,0.550406153,4.402165871,0.356730395,7,10
P_15_6_7,11,m,23B,Tray 14,0.896136592,5.975112666,0.31526202,22,2
P_15_6_7,11,m,23C,Tray 15,0.497752116,3.327167552,0.564746321,22,0
P_15_6_4,11,m,24B,Tray 2,0.777830148,4.112934688,0.577524995,22,5
P_15_6_2,11,m,26B,Tray 2,0.440171095,4.154301473,0.320342928,22,1
P_15_6_3,11,m,28B,Tray 2,0.970326392,6.858613036,0.259080593,7,2
P_15_6_4,11,m,24C,Tray 3,0.67937642,4.251294814,0.472125722,22,16
P_15_6_3,11,m,28C,Tray 3,1.119393688,9.746350979,0.148009094,22,0
P_15_6_8,11,m,27A,Tray 7,0.734559551,5.755633282,0.278503347,22,8
P_15_6_8,11,m,27B,Tray 7,0.967059833,7.373579068,0.223401611,7,3
P_15_6_8,11,m,27C,Tray 7,1.06738663,6.328580077,0.334733238,7,4
P_15_6_2,11,m,26C,Tray 8,0.626075405,5.198896886,0.290933596,22,4
P_16_11_16,12,f,15B,Tray 1,0.9988839,5.922647474,0.35766207,22,6
P_16_11_15,12,f,8C,Tray 12,1.1585743,7.136342234,0.285734178,22,9
P_16_11_15,12,f,8A,Tray 15,0.899719854,5.914374117,0.323057151,22,0
P_16_11_16,12,f,15A,Tray 2,0.908718726,5.621779781,0.361136562,22,7
P_16_11_15,12,f,8B,Tray 2,0.834768715,4.881347952,0.440023906,22,0
P_16_11_16,12,f,15C,Tray 3,0.624369737,4.486648281,0.389571729,22,2
P_16_11_9,12,f,4A,Tray 8,0.467470843,4.625815565,0.274389533,22,5
P_16_11_9,12,f,4B,Tray 8,0.452943251,4.300934957,0.3075443,22,2
P_16_11_9,12,f,4C,Tray 8,0.503896143,3.687832111,0.465359292,22,0
P_16_11_20,12,m,10C,Tray 1,0.02957548,0.911280016,0.447319415,22,0
P_16_11_25,12,m,2B,Tray 1,0.956396011,4.700208516,0.543742332,7,3
P_16_11_25,12,m,2C,Tray 1,1.171966287,10.3531311,0.137328707,22,1
P_16_11_20,12,m,10B,Tray 11,0.226804163,7.885114684,0.045816787,22,0
P_16_11_20,12,m,10A,Tray 14,0.045501087,1.038474474,0.529931524,22,0
P_16_11_25,12,m,2A,Tray 3,0.754882797,4.157799152,0.548456458,22,0
P_16_11_18,12,m,6B,Tray 3,0.832692052,4.017690186,0.647919679,22,0
P_16_11_18,12,m,6C,Tray 4,0.751724821,3.52478644,0.759946312,22,0
P_16_11_18,12,m,6A,Tray 8,0.781861317,4.146297168,0.57121357,22,0
P_17_1_1,13,f,11A,Tray 10,0.40823392,6.925674312,0.106899235,22,0
P_17_1_1,13,f,11B,Tray 10,0.529196141,5.791013654,0.198197024,22,0
P_17_1_1,13,f,11C,Tray 10,0.362004418,8.988901594,0.056271729,22,0
P_17_1_24,13,f,26A,Tray 12,0.983890303,6.275442255,0.313796174,22,1
P_17_1_24,13,f,26B,Tray 2,1.013167178,6.163045672,0.335027132,22,16
P_17_1_13,13,f,6B,Tray 3,0.569245422,3.946996704,0.458939733,22,1
P_17_1_13,13,f,6C,Tray 4,0.541122248,3.485706599,0.559375412,22,1
P_17_1_24,13,f,26C,Tray 8,0.741486285,5.284791821,0.333454815,22,8
P_17_1_5,13,f,4A,Tray 8,0.47650591,4.621645255,0.280197797,7,2
P_17_1_5,13,f,4B,Tray 8,0.511877044,5.106073855,0.246593207,22,3
P_17_1_5,13,f,4C,Tray 8,0.5545821,5.706262191,0.213920321,22,8
P_17_1_13,13,f,6A,Tray 8,0.631988692,4.035649425,0.487384914,22,0
P_17_1_8,13,m,19A,Tray 1,1.2720171,9.754826125,0.167897227,22,11
P_17_1_2,13,m,1A,Tray 10,0.722226255,3.904620973,0.594983807,22,5
P_17_1_7,13,m,8C,Tray 12,1.23062862,5.820407614,0.456257325,22,0
P_17_1_7,13,m,8A,Tray 15,1.057586952,5.885989103,0.383412984,22,4
P_17_1_8,13,m,19B,Tray 2,1.372434383,9.550413668,0.188989146,22,2
P_17_1_7,13,m,8B,Tray 2,1.303443027,6.746216453,0.359717155,7,16
P_17_1_2,13,m,1B,Tray 5,0.633857236,3.709759871,0.578481525,22,1
P_17_1_8,13,m,19C,Tray 7,0.400574247,6.073518531,0.136392956,22,1
P_17_1_2,13,m,1C,Tray 9,0.647158737,4.174480393,0.466439807,22,9
P_17_2_25,14,f,10C,Tray 1,0.23843619,1.287953185,1.805351029,22,0
P_17_2_20,14,f,3A,Tray 1,0.816114944,7.900517926,0.164221436,22,1
P_17_2_22,14,f,7A,Tray 10,0.884947949,4.325015134,0.594199256,22,6
P_17_2_25,14,f,10B,Tray 11,0.046853858,1.305105267,0.345496708,22,1
P_17_2_18,14,f,5C,Tray 12,0.824104893,4.41662743,0.530628536,22,1
P_17_2_22,14,f,7B,Tray 12,1.017352174,5.766395372,0.384283842,22,9
P_17_2_25,14,f,10A,Tray 14,0.319742745,7.53608663,0.002850312,22,0
P_17_2_20,14,f,3B,Tray 2,0.885572305,5.907176969,0.318752575,22,2
P_17_2_18,14,f,5B,Tray 2,0.820892626,4.750924867,0.456793241,22,5
P_17_2_22,14,f,7C,Tray 2,0.894878831,4.816842672,0.48442768,22,3
P_17_2_20,14,f,3C,Tray 3,0.828932342,6.687697585,0.232785257,22,0
P_17_2_18,14,f,5A,Tray 8,0.641458094,4.147709693,0.468318404,22,0
P_17_2_8,14,m,1A,Tray 10,0.792647296,4.327907446,0.531512757,22,3
P_17_2_12,14,m,26A,Tray 12,0.727465417,4.350036995,0.482854286,22,3
P_17_2_12,14,m,26B,Tray 2,0.819842984,4.978744871,0.415413475,22,6
P_17_2_8,14,m,1B,Tray 5,0.563793616,3.174614919,0.702631616,22,1
P_17_2_12,14,m,26C,Tray 8,0.91222055,5.226003901,0.419517451,22,6
P_17_2_8,14,m,1C,Tray 9,0.622677641,3.751261182,0.555774101,22,1
P_18_1_4_B,15,f,24A,Tray 1,0.31518223,2.646398063,0.56525059,22,0
P_18_1_11_B,15,f,28A,Tray 1,0.292931625,3.323938925,0.33300429,22,1
P_18_1_9_B,15,f,23A,Tray 11,1.032902262,8.253649021,0.190439431,18,7
P_18_1_1 B,15,f,8C,Tray 12,0.878758679,5.983587812,0.308273312,22,1
P_18_1_9_B,15,f,23B,Tray 14,0.907632889,6.479787449,0.27150532,22,4
P_18_1_9_B,15,f,23C,Tray 15,1.035150849,4.564269859,0.62409493,22,1
P_18_1_1 B,15,f,8A,Tray 15,0.805899029,6.255868702,0.258639601,22,0
P_18_1_4_B,15,f,24B,Tray 2,0.269898311,2.382794108,0.597058343,7,1
P_18_1_11_B,15,f,28B,Tray 2,0.094617105,1.845227685,0.349027278,7,2
P_18_1_1 B,15,f,8B,Tray 2,0.765709494,5.015335979,0.382343409,22,0
P_18_1_4_B,15,f,24C,Tray 3,0.27123751,2.247998924,0.674135488,22,0
P_18_1_11_B,15,f,28C,Tray 3,0.115152993,1.731956683,0.482159601,22,2
P_18_1_13B,15,m,28A,Tray 1,1.18249438,6.079841259,0.401794737,22,4
P_18_1_13B,15,m,28B,Tray 2,0.912709176,4.984327706,0.461433244,7,4
P_18_1_13B,15,m,28C,Tray 3,0.899959643,6.027712383,0.311105458,22,6
P_18_1_12B,15,m,27A,Tray 7,0.478365405,4.723145221,0.269331287,22,1
P_18_1_12B,15,m,27B,Tray 7,0.786521367,6.057442658,0.269228816,22,1
P_18_1_12B,15,m,27C,Tray 7,0.346834373,3.258693751,0.410227411,7,5
P_18_1_16_B,15,m,25A,Tray 8,0.741042902,6.733301944,0.205294262,22,0
P_18_1_16_B,15,m,25B,Tray 8,0.49842624,6.558888814,0.145522451,22,1
P_18_1_16_B,15,m,25C,Tray 8,0.604761334,5.478845766,0.253043686,22,0
P_18_2_12,16,f,7A,Tray 10,0.889336539,4.905159077,0.46424751,22,5
P_18_2_3,16,f,13A,Tray 12,0.503692549,3.589762561,0.490934687,22,6
P_18_2_12,16,f,7B,Tray 12,0.746200626,4.001345261,0.585373685,22,2
P_18_2_6,16,f,12A,Tray 15,0.902665186,8.590233403,0.153640745,22,4
P_18_2_3,16,f,13B,Tray 2,0.630378034,3.70666577,0.57626714,22,4
P_18_2_12,16,f,7C,Tray 2,0.7403914,3.753010022,0.660224378,22,1
P_18_2_6,16,f,12B,Tray 5,1.142960871,9.029124908,0.176087967,22,14
P_18_2_3,16,f,13C,Tray 8,0.603304503,3.966637519,0.481594119,7,3
P_18_2_2,16,f,4A,Tray 8,0.688149076,4.537162844,0.419858971,22,0
P_18_2_2,16,f,4B,Tray 8,0.743535802,5.036725634,0.368124681,22,2
P_18_2_2,16,f,4C,Tray 8,0.760755364,4.554247663,0.460682139,22,1
P_18_2_6,16,f,12C,Tray 9,0.962969848,9.257550279,0.141127019,22,5
P_18_2_4,16,m,10C,Tray 1,0.166793582,2.553507769,0.321288076,22,0
P_18_2_13,16,m,3A,Tray 1,1.155135816,8.015672294,0.225809798,22,0
P_18_2_16,16,m,9A,Tray 1,0.5602375,3.986950965,0.442669934,22,1
P_18_2_9,16,m,11A,Tray 10,0.844686025,5.215040022,0.390094347,22,8
P_18_2_9,16,m,11B,Tray 10,0.738165434,5.323266294,0.32718016,22,2
P_18_2_9,16,m,11C,Tray 10,0.842926064,6.848456313,0.225732319,22,3
P_18_2_4,16,m,10B,Tray 11,0.029181864,0.856258828,0.499910832,22,0
P_18_2_4,16,m,10A,Tray 14,0.540135946,4.046613305,0.414294636,22,0
P_18_2_13,16,m,3B,Tray 2,1.213219037,8.589964351,0.206512399,22,0
P_18_2_16,16,m,9B,Tray 2,0.435266733,3.447770229,0.459905374,22,0
P_18_2_13,16,m,3C,Tray 3,1.259670231,8.69395305,0.209320578,22,0
P_18_2_16,16,m,9C,Tray 3,0.495508054,4.307930315,0.335353635,22,0
P_2_1_4_B,17,f,15B,Tray 1,0.63818701,3.30187664,0.735217629,22,5
P_2_1_9B,17,f,1A,Tray 10,0.889250577,4.275644044,0.610957093,22,4
P_2_1_2B,17,f,21A,Tray 10,0.672870447,3.707943768,0.614688114,22,5
P_2_1_2B,17,f,21B,Tray 10,0.618053786,3.814152149,0.533604992,22,3
P_2_1_2B,17,f,21C,Tray 10,0.525925057,3.162036726,0.66066254,22,0
P_2_1_4_B,17,f,15A,Tray 2,0.015242434,0.467545571,0.875782118,22,0
P_2_1_4_B,17,f,15C,Tray 3,0.641847185,3.660388781,0.601681764,22,1
P_2_1_9 B,17,f,1B,Tray 5,0.404519454,3.946122284,0.326278136,22,12
P_2_1_6B,17,f,4A,Tray 8,0.610271956,3.834062017,0.521428525,22,0
P_2_1_6B,17,f,4B,Tray 8,0.679091388,3.777426515,0.597758573,22,0
P_2_1_6B,17,f,4C,Tray 8,0.678788258,3.687832111,0.626876049,22,1
P_2_1_9 B,17,f,1C,Tray 9,0.782010619,4.092688505,0.586387774,22,2
P_2_1_7_B,17,m,10C,Tray 1,1.381098456,7.559561445,0.303543597,22,0
P_2_1_3_B,17,m,9A,Tray 1,0.458114549,7.345059528,0.106653002,22,0
P_2_1_7_B,17,m,10B,Tray 11,0.563010909,3.555996502,0.559221421,22,0
P_2_1_1 B,17,m,22A,Tray 12,0.587365323,4.425506155,0.376679551,22,9
P_2_1_7_B,17,m,10A,Tray 14,0.184139825,3.449519069,0.194365986,22,0
P_2_1_1 B,17,m,22B,Tray 2,0.457965246,3.568305643,0.451749903,9,19
P_2_1_3_B,17,m,9B,Tray 2,0.303129442,3.85323199,0.256429181,22,0
P_2_1_3_B,17,m,9C,Tray 3,0.527354742,6.418241743,0.160790488,22,0
P_2_1_10B,17,m,17A,Tray 7,0.809152015,4.447702966,0.51374571,22,0
P_2_1_10B,17,m,17B,Tray 7,0.729899501,4.146633484,0.533164722,22,0
P_2_1_10B,17,m,17C,Tray 7,0.941452182,4.506692675,0.582199756,22,2
P_2_1_1 B,17,m,22C,Tray 8,0.496141459,3.619021995,0.475787155,7,6
P_2_13_7,18,f,9A,Tray 1,0.454386509,4.457187059,0.287272032,22,0
P_2_13_7,18,f,9B,Tray 2,0.553727004,3.759601803,0.492041399,22,13
P_2_13_7,18,f,9C,Tray 3,0.72066084,4.558754288,0.435540147,22,9
P_2_13_5,18,f,16A,Tray 4,0.670169428,4.247864398,0.466479929,22,0
P_2_13_5,18,f,16B,Tray 4,0.717416902,4.616802314,0.422745201,22,1
P_2_13_5,18,f,16C,Tray 4,0.646742499,4.921773054,0.335334218,22,0
P_2_13_8,18,f,4A,Tray 8,0.598300605,5.090939665,0.289943369,22,1
P_2_13_8,18,f,4B,Tray 8,0.491151134,4.977870451,0.248953141,22,6
P_2_13_8,18,f,4C,Tray 8,0.539855439,5.083473465,0.262389226,22,3
P_2_13_13,18,m,2B,Tray 1,0.606308651,5.046142463,0.299064174,7,5
P_2_13_13,18,m,2C,Tray 1,0.710820444,4.814892043,0.385102592,7,10
P_2_13_6,18,m,11A,Tray 10,0.778259958,5.380238111,0.33768466,22,2
P_2_13_6,18,m,11B,Tray 10,0.873433554,5.153090738,0.413127335,22,2
P_2_13_6,18,m,11C,Tray 10,0.629034311,6.198627833,0.205623549,22,0
P_2_13_14,18,m,1A,Tray 10,0.76304467,4.400686083,0.494878769,22,0
P_2_13_13,18,m,2A,Tray 3,0.625138871,4.925203471,0.323681434,22,4
P_2_13_14,18,m,1B,Tray 5,0.815599171,4.356426986,0.539766014,22,0
P_2_13_4,18,m,17A,Tray 7,0.486735397,3.384946526,0.533554695,7,1
P_2_13_4,18,m,17B,Tray 7,0.630486617,3.975852559,0.500962215,22,2
P_2_13_4,18,m,17C,Tray 7,0.221664535,2.248806081,0.550531078,22,0
P_2_13_14,18,m,1C,Tray 9,0.78360318,4.31088989,0.529604869,22,2
P_2_19_3,19,f,19A,Tray 1,0.969729182,5.364834869,0.423182195,22,1
P_2_19_5,19,f,2B,Tray 1,0.905732675,5.468083675,0.380469083,22,0
P_2_19_6,19,f,2B,Tray 1,0.312535503,3.157664626,0.393692367,22,7
P_2_19_5,19,f,2C,Tray 1,0.84964468,5.420192372,0.363243273,22,0
P_2_19_6,19,f,2C,Tray 1,0.383146566,3.332145019,0.433417845,22,6
P_2_19_15,19,f,30A,Tray 1,0.444518967,4.260846169,0.307530522,22,0
P_2_19_15,19,f,21A,Tray 10,0.628866911,3.574561108,0.618162893,22,3
P_2_19_15,19,f,21B,Tray 10,0.695935431,4.231788525,0.488102097,22,2
P_2_19_15,19,f,21C,Tray 10,0.751204524,4.028990381,0.581239838,22,1
P_2_19_3,19,f,19B,Tray 2,0.4611006,5.777830093,0.173482549,22,2
P_2_19_15,19,f,30B,Tray 2,0.53572021,4.381852425,0.350438793,22,10
P_2_19_5,19,f,2A,Tray 3,1.240152314,6.92036053,0.325242452,22,0
P_2_19_6,19,f,2A,Tray 3,0.473899901,3.560570391,0.469501631,22,12
P_2_19_15,19,f,30C,Tray 3,0.599544793,4.357099617,0.396658071,22,0
P_2_19_4,19,f,17A,Tray 7,0.837311383,4.667316876,0.482771985,22,1
P_2_19_4,19,f,17B,Tray 7,0.744137537,4.156117576,0.541087126,7,2
P_2_19_4,19,f,17C,Tray 7,0.911777167,4.713930181,0.515361605,22,0
P_2_19_3,19,f,19C,Tray 7,0.483111417,6.157059259,0.16006275,22,0
P_2_19_16,19,m,15B,Tray 1,0.447952926,3.060671285,0.600604579,22,0
P_2_19_11,19,m,11A,Tray 10,0.731279419,6.62110715,0.209513377,22,10
P_2_19_11,19,m,11B,Tray 10,0.636205358,6.765857268,0.174558619,22,8
P_2_19_11,19,m,11C,Tray 10,0.6861629,6.415954799,0.209360275,22,11
P_2_19_16,19,m,15A,Tray 2,1.008507129,5.034505953,0.499752407,22,1
P_2_19_16,19,m,15C,Tray 3,0.777536067,5.317750723,0.345345843,22,0
P_2_19_8,19,m,16A,Tray 4,1.149896654,5.704446089,0.443834941,22,0
P_2_19_8,19,m,16B,Tray 4,1.201478427,6.051187193,0.412120711,22,0
P_2_19_8,19,m,16C,Tray 4,0.982926623,5.997309477,0.34323994,22,0
P_2_19_2,19,m,18A,Tray 4,0.707929403,6.733907311,0.196085429,22,0
P_2_19_2,19,m,18B,Tray 4,0.846631482,6.246451873,0.272531845,22,0
P_2_19_2,19,m,18C,Tray 7,0.569715951,4.572879532,0.342190933,22,0
P_2_19_12,19,m,31A,Tray 9,0.391145564,3.631532925,0.372518698,22,0
P_2_19_12,19,m,31B,Tray 9,0.114352189,1.96973162,0.370186015,22,0
P_2_19_12,19,m,31C,Tray 9,0.190731759,2.205488666,0.492496325,22,0
P_2_2_5,20,f,11A,Tray 10,0.852630731,5.064639806,0.417497129,22,0
P_2_2_5,20,f,11B,Tray 10,0.429950657,4.416492904,0.276855517,22,0
P_2_2_5,20,f,11C,Tray 10,0.878193139,4.821147508,0.474546572,22,3
P_2_2_10,20,f,7A,Tray 10,0.473316264,3.016075873,0.653516478,22,0
P_2_2_13,20,f,14C,Tray 12,0.752711123,3.981233605,0.596461822,22,0
P_2_2_3,20,f,14C,Tray 12,0.59377176,3.406134392,0.642814433,22,0
P_2_2_10,20,f,7B,Tray 12,0.754520851,3.956211744,0.605482827,22,0
P_2_2_13,20,f,14B,Tray 2,0.80353281,4.043182888,0.617371363,22,0
P_2_2_3,20,f,14B,Tray 2,0.73146944,4.363691397,0.48247828,22,0
P_2_2_10,20,f,7C,Tray 2,0.624858363,3.52633349,0.631138194,22,1
P_2_2_9,20,f,16A,Tray 4,0.689130854,4.757583911,0.382400473,22,0
P_2_2_9,20,f,16B,Tray 4,0.790968773,7.451267909,0.178932249,22,0
P_2_2_9,20,f,16C,Tray 4,0.765089663,5.632407345,0.302910174,22,1
P_2_2_13,20,f,14A,Tray 8,0.537222284,3.578798682,0.52682833,22,4
P_2_2_3,20,f,14A,Tray 8,0.721353061,4.447635703,0.458014369,22,2
P_2_2_1,20,m,2B,Tray 1,0.424096186,3.182081119,0.526055437,22,3
P_2_2_1,20,m,2C,Tray 1,0.278277352,2.479921975,0.568318073,22,1
P_2_2_2,20,m,3A,Tray 1,0.701513918,5.207910137,0.32486204,22,5
P_2_2_6,20,m,26A,Tray 12,0.670083466,5.794242282,0.250683206,22,1
P_2_2_4,20,m,8C,Tray 12,0.634282522,4.099549337,0.474023801,22,3
P_2_2_4,20,m,8A,Tray 15,0.500100239,5.059527813,0.245372973,22,0
P_2_2_6,20,m,26B,Tray 2,0.629975369,5.506625412,0.26094089,22,1
P_2_2_2,20,m,3B,Tray 2,0.790606828,6.269388579,0.252638668,22,2
P_2_2_4,20,m,8B,Tray 2,0.42177521,3.872671016,0.353223411,22,0
P_2_2_1,20,m,2A,Tray 3,0.524047464,4.325956817,0.35171906,22,0
P_2_2_2,20,m,3C,Tray 3,0.970131846,7.482747024,0.217619734,22,0
P_2_2_14,20,m,6B,Tray 3,0.603775032,3.729938791,0.545081421,22,0
P_2_2_14,20,m,6C,Tray 4,0.663324132,3.662070357,0.621243802,22,1
P_2_2_6,20,m,26C,Tray 8,0.605245436,4.465729468,0.381185474,22,1
P_2_2_14,20,m,6A,Tray 8,0.750218223,3.711037869,0.684205366,22,3
P_2_4_2,21,f,24A,Tray 1,0.742314236,4.056097397,0.566709742,22,5
P_2_4_4,21,f,21A,Tray 10,0.598192021,2.153965158,1.619395423,22,16
P_2_4_4,21,f,21B,Tray 10,0.552170638,3.976928768,0.438497704,22,9
P_2_4_4,21,f,21C,Tray 10,0.447183792,3.118853837,0.577411792,22,1
P_2_4_2,21,f,23A,Tray 11,0.538421229,4.645523643,0.313359211,19,12
P_2_4_2,21,f,23B,Tray 14,0.415011352,3.273693415,0.486377645,19,3
P_2_4_2,21,f,23C,Tray 15,0.543560857,3.457859689,0.570982871,22,10
P_2_4_2,21,f,24B,Tray 2,0.58160134,3.328176498,0.659481077,22,6
P_2_4_2,21,f,24C,Tray 3,0.617035814,3.239052936,0.738692892,22,8
P_2_4_9,21,f,20A,Tray 4,0.559079274,4.235487994,0.391431816,22,1
P_2_4_9,21,f,20B,Tray 4,0.518378491,4.03356427,0.400183014,22,2
P_2_4_9,21,f,20C,Tray 4,0.53914512,3.830497074,0.461514179,22,5
P_2_4_10,21,f,17A,Tray 7,0.768808654,5.250151342,0.350319456,22,0
P_2_4_10,21,f,17B,Tray 7,0.830968287,5.928095783,0.296991257,22,13
P_2_4_10,21,f,17C,Tray 7,0.745779865,3.993004641,0.58749025,22,7
P_2_4_5,21,f,25A,Tray 8,0.264455554,3.071836954,0.352002713,22,0
P_2_4_5,21,f,25B,Tray 8,0.167196247,2.375798749,0.372046193,22,1
P_2_4_5,21,f,25C,Tray 8,0.228315286,2.925943364,0.334959884,22,0
P_2_4_7,21,m,30A,Tray 1,0.616786976,3.720656488,0.55961028,22,7
P_2_4_11,21,m,7A,Tray 10,0.597314303,4.103383332,0.445562235,22,1
P_2_4_6,21,m,22A,Tray 12,0.689135378,4.947467546,0.353613044,22,0
P_2_4_11,21,m,7B,Tray 12,0.729718529,4.541198628,0.444430665,22,0
P_2_4_6,21,m,22B,Tray 2,0.816820738,5.093092083,0.395506238,22,0
P_2_4_7,21,m,30B,Tray 2,0.609330897,4.141925069,0.446106308,7,11
P_2_4_11,21,m,7C,Tray 2,0.655162259,3.744131298,0.586997661,22,4
P_2_4_7,21,m,30C,Tray 3,0.613963801,4.504943835,0.379973793,22,6
P_2_4_1,21,m,27A,Tray 7,0.646769645,4.598910338,0.384086801,22,1
P_2_4_1,21,m,27B,Tray 7,0.580547173,3.891235623,0.481561874,22,0
P_2_4_1,21,m,27C,Tray 7,0.680679424,3.802851954,0.591171413,22,0
P_2_4_6,21,m,22C,Tray 8,0.77458621,5.051927087,0.381193295,22,0
P_2_6_4,22,f,28A,Tray 1,0.740495459,5.138158337,0.352287369,22,3
P_2_6_5,22,f,28A,Tray 1,0.89741245,5.452949485,0.379069446,22,4
P_2_6_14,22,f,30A,Tray 1,0.297835987,4.188874689,0.213192575,22,5
P_2_6_13,22,f,26A,Tray 12,0.888825291,5.531176431,0.364897611,22,8
P_2_6_13,22,f,26B,Tray 2,0.828470862,5.924463577,0.296461847,22,1
P_2_6_4,22,f,28B,Tray 2,0.025607651,1.415954799,0.160420774,7,1
P_2_6_5,22,f,28B,Tray 2,0.695130102,4.858343983,0.369895641,22,6
P_2_6_14,22,f,30B,Tray 2,0.212525409,2.054953925,0.632115329,22,0
P_2_6_4,22,f,28C,Tray 3,0.080596237,1.449250017,0.481967525,22,1
P_2_6_5,22,f,28C,Tray 3,0.938963806,5.358377615,0.410744597,22,4
P_2_6_14,22,f,30C,Tray 3,0.260940158,3.100221968,0.340992621,22,0
P_2_6_13,22,f,26C,Tray 8,0.909410947,5.355619829,0.398226664,7,8
P_2_6_15,22,m,19A,Tray 1,1.067676186,15.87314186,0.053223496,22,4
P_2_6_16,22,m,24A,Tray 1,0.623048635,3.535414004,0.626081733,22,6
P_2_6_9,22,m,7A,Tray 10,0.466742427,3.640747965,0.442268174,22,0
P_2_6_10,22,m,29A,Tray 11,0.665233395,4.163987355,0.481886632,22,1
P_2_6_7,22,m,29A,Tray 11,1.179494756,5.827402973,0.436250112,22,1
P_2_6_8,22,m,29A,Tray 11,0.949396888,4.925068945,0.491601064,22,0
P_2_6_9,22,m,7B,Tray 12,0.44599842,3.354745409,0.497741468,22,0
P_2_6_10,22,m,29B,Tray 14,0.25939284,2.632003767,0.470299602,22,0
P_2_6_7,22,m,29B,Tray 14,1.038322398,5.743189615,0.395380778,22,2
P_2_6_8,22,m,29B,Tray 14,0.861303852,4.517522029,0.530084946,22,0
P_2_6_10,22,m,29C,Tray 15,0.392910048,3.088249142,0.517437758,22,0
P_2_6_7,22,m,29C,Tray 15,1.118556689,5.272549943,0.505366249,22,0
P_2_6_8,22,m,29C,Tray 15,0.852897666,4.135467815,0.626379124,22,1
P_2_6_15,22,m,19B,Tray 2,0.228935118,3.537970001,0.229717332,22,1
P_2_6_16,22,m,24B,Tray 2,0.446414657,3.442254658,0.473197119,22,1
P_2_6_9,22,m,7C,Tray 2,0.739916346,3.790677339,0.646753255,22,2
P_2_6_16,22,m,24C,Tray 3,1.083371052,5.3001278,0.484388901,22,4
P_2_6_1,22,m,18A,Tray 4,1.175015679,8.35958835,0.211185218,22,0
P_2_6_1,22,m,18B,Tray 4,1.051470072,9.877850272,0.135351065,22,1
P_2_6_1,22,m,18C,Tray 7,1.202053015,10.75852559,0.130439086,22,2
P_2_6_15,22,m,19C,Tray 7,0.132603296,2.08206094,0.384199755,22,0
P_2_6_2,22,m,27A,Tray 7,0.745567222,4.958229636,0.3809107,22,4
P_2_6_2,22,m,27B,Tray 7,0.857023846,4.279612565,0.587724286,22,2
P_2_6_2,22,m,27C,Tray 7,0.592188248,3.574224793,0.582218094,22,1
P_20_16_2,24,f,10C,Tray 1,0.03300039,1.287953185,0.249866803,22,1
P_20_16_2,24,f,10B,Tray 11,0.072040748,1.793233336,0.28138066,22,0
P_20_16_2,24,f,10A,Tray 14,0.1335715,1.72597027,0.563166512,22,0
P_20_16_1,24,f,12A,Tray 15,0.928381421,4.053406874,0.709701431,22,0
P_20_16_1,24,f,6B,Tray 3,0.760836802,3.881347952,0.634331086,22,0
P_20_16_1,24,f,6C,Tray 4,0.801614498,3.85585525,0.677195025,22,0
P_20_16_1,24,f,12B,Tray 5,0.927078417,5.527813278,0.38106528,22,0
P_20_16_3,24,f,4A,Tray 8,0.552111822,6.379498218,0.17038982,22,0
P_20_16_3,24,f,4B,Tray 8,0.653243947,6.088450932,0.221335672,22,0
P_20_16_3,24,f,4C,Tray 8,0.515948932,7.047487724,0.130475119,22,0
P_20_16_1,24,f,6A,Tray 8,0.791891734,4.226542006,0.556781851,22,0
P_20_16_1,24,f,12C,Tray 9,0.988686083,6.240734513,0.318842822,22,2
P_20_16_14,24,m,15B,Tray 1,0.697772305,3.627295352,0.666097078,22,2
P_20_16_13,24,m,2B,Tray 1,0.91824242,4.569919957,0.552242472,22,5
P_20_16_13,24,m,2C,Tray 1,0.985315464,4.983587812,0.498288321,22,6
P_20_16_17,24,m,11A,Tray 10,1.187891893,6.944777023,0.309349875,22,2
P_20_16_17,24,m,11B,Tray 10,0.909736698,5.77534136,0.342570559,22,1
P_20_16_17,24,m,11C,Tray 10,0.809215356,7.62373041,0.174871363,22,2
P_20_16_14,24,m,15A,Tray 2,0.687370893,3.543620098,0.687521787,22,3
P_20_16_14,24,m,15C,Tray 3,0.598743988,4.469227147,0.37650084,22,3
P_20_16_13,24,m,2A,Tray 3,0.817797991,4.159144414,0.593782889,7,3
P_20_22_1,25,f,24A,Tray 1,0.392747173,3.588080985,0.383158296,22,0
P_20_22_10,25,f,22A,Tray 12,0.940655901,5.998183897,0.328383155,22,0
P_20_22_9,25,f,26A,Tray 12,0.70649067,3.911414542,0.580000513,22,1
P_20_22_10,25,f,22B,Tray 2,0.992282917,5.100020179,0.479160893,22,4
P_20_22_1,25,f,24B,Tray 2,0.60784692,3.971682249,0.483988306,22,1
P_20_22_9,25,f,26B,Tray 2,0.706069908,3.961121948,0.56519839,22,0
P_20_22_1,25,f,24C,Tray 3,0.64101471,3.345933948,0.71915567,22,0
P_20_22_7,25,f,16A,Tray 4,0.591301482,4.863792292,0.313941383,22,2
P_20_22_7,25,f,16B,Tray 4,0.88128325,5.445550548,0.373268694,22,2
P_20_22_7,25,f,16C,Tray 4,0.734220227,4.009618618,0.573600937,22,0
P_20_22_10,25,f,22C,Tray 8,0.975203609,5.717965965,0.374629357,22,0
P_20_22_4,25,f,25A,Tray 8,0.776798603,5.219412121,0.358141704,22,4
P_20_22_4,25,f,25B,Tray 8,0.599454306,4.37384812,0.393566684,22,3
P_20_22_4,25,f,25C,Tray 8,0.243711547,2.888074258,0.366985609,7,1
P_20_22_9,25,f,26C,Tray 8,0.923635409,4.952714065,0.472937447,22,0
P_20_22_8,25,m,21A,Tray 10,0.79488231,3.773525257,0.701129029,22,0
P_20_22_8,25,m,21B,Tray 10,0.866248934,4.092553979,0.649596266,22,0
P_20_22_8,25,m,21C,Tray 10,0.890540008,4.037196475,0.686251495,22,0
P_20_22_11,25,m,7A,Tray 10,0.961585406,4.857335037,0.511895583,22,4
P_20_22_13,25,m,23A,Tray 11,0.764872495,6.851752203,0.204632866,16,14
P_20_22_11,25,m,7B,Tray 12,0.805758775,4.018228291,0.626794922,22,0
P_20_22_13,25,m,23B,Tray 14,0.740011357,4.147911482,0.540218017,17,5
P_20_22_13,25,m,23C,Tray 15,0.526282479,3.829151813,0.450820214,7,13
P_20_22_11,25,m,7C,Tray 2,0.878604852,4.278670882,0.602789215,22,4
P_20_22_3,25,m,20A,Tray 4,0.667178853,4.524651914,0.409318679,22,0
P_20_22_3,25,m,20B,Tray 4,0.598078913,3.495796058,0.614689724,22,0
P_20_22_3,25,m,20C,Tray 4,0.588699998,3.437411717,0.625778398,22,0
P_21_15_12,26,f,30A,Tray 1,0.576470761,5.172798816,0.270592495,22,8
P_21_15_6,26,f,30A,Tray 1,0.700799075,6.055088451,0.240072368,22,2
P_21_15_6,26,f,29A,Tray 11,0.427136529,2.931929777,0.624092876,7,1
P_21_15_8,26,f,29A,Tray 11,0.645050404,4.498890159,0.400287945,22,7
P_21_15_6,26,f,29B,Tray 14,0.696754333,3.966032152,0.556361227,7,2
P_21_15_8,26,f,29B,Tray 14,0.602901838,4.688504742,0.344482789,22,11
P_21_15_6,26,f,29C,Tray 15,0.520627079,3.41420596,0.560966543,22,2
P_21_15_8,26,f,29C,Tray 15,0.672123935,4.038945315,0.517491302,22,5
P_21_15_12,26,f,30B,Tray 2,0.517383141,5.82403982,0.191581355,7,12
P_21_15_6,26,f,30B,Tray 2,0.653850206,5.620838098,0.259935593,22,1
P_21_15_12,26,f,30C,Tray 3,0.701192691,6.087643775,0.237644932,22,8
P_21_15_6,26,f,30C,Tray 3,0.603087335,6.07197148,0.205452013,22,1
P_21_15_13,26,f,20A,Tray 4,0.553365058,3.988968857,0.436797436,7,1
P_21_15_13,26,f,20B,Tray 4,0.156478132,2.36375866,0.351752366,22,0
P_21_15_13,26,f,20C,Tray 4,0.723379956,5.209726239,0.334754409,22,0
P_21_15_22,26,m,30A,Tray 1,0.734174984,3.61693684,0.704867313,22,10
P_21_15_4,26,m,3A,Tray 1,0.873610003,7.075738212,0.219161228,22,0
P_21_15_14,26,m,21A,Tray 10,0.553781296,3.699939463,0.508087705,22,0
P_21_15_14,26,m,21B,Tray 10,0.685769284,5.260173539,0.311291688,22,1
P_21_15_14,26,m,21C,Tray 10,0.543764451,3.356763301,0.606120558,22,1
P_21_15_11,26,m,23A,Tray 11,0.697039365,4.082666308,0.525241672,22,0
P_21_15_3,26,m,29A,Tray 11,0.749186678,4.178448914,0.53895126,22,1
P_21_15_5,26,m,29A,Tray 11,0.788991645,5.005717361,0.395484435,22,0
P_21_15_10,26,m,22A,Tray 12,0.993251122,6.195937311,0.324963567,22,1
P_21_15_21,26,m,5C,Tray 12,0.97782319,5.359386561,0.427582386,22,2
P_21_15_5,26,m,8C,Tray 12,0.993581397,5.625479249,0.39434291,22,0
P_21_15_11,26,m,23B,Tray 14,0.508117334,3.190825318,0.62682685,22,0
P_21_15_3,26,m,29B,Tray 14,0.204838589,3.273827941,0.240043369,22,0
P_21_15_5,26,m,29B,Tray 14,0.932285909,4.872671016,0.493179003,22,1
P_21_15_11,26,m,23C,Tray 15,0.529879313,4.438420663,0.337838921,22,0
P_21_15_3,26,m,29C,Tray 15,0.386585049,2.891773727,0.580638833,22,0
P_21_15_5,26,m,29C,Tray 15,0.769310853,3.927221363,0.62649951,22,0
P_21_15_5,26,m,8A,Tray 15,0.64254393,5.559695971,0.261090084,22,1
P_21_15_10,26,m,22B,Tray 2,1.051243856,5.857469563,0.38483364,22,5
P_21_15_22,26,m,30B,Tray 2,0.363967973,3.201789198,0.445930667,22,0
P_21_15_4,26,m,3B,Tray 2,0.757353075,5.896347616,0.273603642,22,0
P_21_15_21,26,m,5B,Tray 2,0.966173066,5.800766799,0.360639883,22,2
P_21_15_5,26,m,8B,Tray 2,0.757448086,4.831371494,0.407569472,22,0
P_21_15_22,26,m,30C,Tray 3,0.315385825,3.729535212,0.284788459,22,2
P_21_15_4,26,m,3C,Tray 3,0.783232186,6.789399341,0.213411323,22,0
P_21_15_15,26,m,17A,Tray 7,0.871479048,5.194322997,0.405684753,22,4
P_21_15_15,26,m,17B,Tray 7,0.704608552,4.603349701,0.417628005,22,2
P_21_15_15,26,m,17C,Tray 7,0.615945453,4.427187731,0.39470808,22,3
P_21_15_10,26,m,22C,Tray 8,0.951636426,6.874823434,0.252893461,22,1
P_21_15_21,26,m,5A,Tray 8,0.997463264,5.288625816,0.447920426,7,2
P_21_15_20,26,m,31A,Tray 9,1.020935436,7.486446492,0.228789699,22,4
P_21_15_20,26,m,31B,Tray 9,0.636784471,4.943229972,0.327310903,22,1
P_21_15_20,26,m,31C,Tray 9,1.000091893,6.949821753,0.260065183,22,2
P_21_5_12,27,f,23A,Tray 11,0.803419702,5.172260712,0.377199668,22,0
P_21_5_12,27,f,23B,Tray 14,0.768360746,4.219815699,0.541960758,22,0
P_21_5_12,27,f,23C,Tray 15,0.79418104,3.917333692,0.650021945,22,0
P_21_5_4,27,f,16A,Tray 4,0.729664237,4.567296697,0.439333429,22,4
P_21_5_4,27,f,16B,Tray 4,0.823919396,5.509046882,0.34097413,22,4
P_21_5_4,27,f,16C,Tray 4,0.6633739,5.481199973,0.27732992,22,1
P_21_5_7,27,m,30A,Tray 1,0.316810986,4.213896549,0.224089823,22,3
P_21_5_1,27,m,29A,Tray 11,0.520523019,3.453218538,0.54825355,22,6
P_21_5_3,27,m,26A,Tray 12,0.443320022,3.217999596,0.537693783,22,0
P_21_5_1,27,m,29B,Tray 14,0.407256667,3.171049976,0.508688207,22,3
P_21_5_1,27,m,29C,Tray 15,0.225066824,2.082868097,0.651594764,22,0
P_21_5_3,27,m,26B,Tray 2,0.39945674,3.007331674,0.554749265,22,1
P_21_5_7,27,m,30B,Tray 2,0.454920379,4.068608327,0.345170176,22,0
P_21_5_7,27,m,30C,Tray 3,0.46689173,3.943566288,0.377074818,22,0
P_21_5_5,27,m,25A,Tray 8,0.663876099,3.701688303,0.608522975,22,11
P_21_5_5,27,m,25B,Tray 8,0.616189766,3.386964418,0.674656723,22,4
P_21_5_5,27,m,25C,Tray 8,0.580818632,3.355283514,0.647995117,22,15
P_21_5_3,27,m,26C,Tray 8,0.303278744,2.86419587,0.464329402,22,1
P_22_1_5,28,f,15B,Tray 1,0.443917232,3.350440573,0.496692732,22,1
P_22_1_8,28,f,23A,Tray 11,0.318249719,3.905495392,0.262062819,7,18
P_22_1_10,28,f,13A,Tray 12,0.588980506,3.873209121,0.493115516,22,3
P_22_1_2,28,f,14C,Tray 12,0.771640878,3.885585525,0.641936279,22,0
P_22_1_8,28,f,22A,Tray 12,0.764990128,5.400147979,0.329483862,22,13
P_22_1_16,28,f,26A,Tray 12,0.640928748,5.317952512,0.284649537,22,15
P_22_1_8,28,f,23B,Tray 14,0.5040183,3.987892648,0.398060447,7,18
P_22_1_8,28,f,23C,Tray 15,0.821521506,4.539517051,0.500713468,22,11
P_22_1_10,28,f,13B,Tray 2,0.440714014,3.410237439,0.475967461,22,4
P_22_1_2,28,f,14B,Tray 2,0.824444217,4.494719849,0.51256112,22,0
P_22_1_5,28,f,15A,Tray 2,0.487477386,3.953790274,0.391666886,22,0
P_22_1_8,28,f,22B,Tray 2,0.63872088,4.436335508,0.407616717,22,13
P_22_1_16,28,f,26B,Tray 2,0.738984336,4.73343647,0.414258823,22,3
P_22_1_5,28,f,15C,Tray 3,0.56054063,4.292325284,0.382130307,22,0
P_22_1_2,28,f,20A,Tray 4,0.377581652,4.092688505,0.283128207,22,3
P_22_1_2,28,f,20B,Tray 4,0.533937628,7.021860496,0.136011545,22,1
P_22_1_2,28,f,20C,Tray 4,0.53199217,5.63799018,0.210206553,22,15
P_22_1_5,28,f,17A,Tray 7,0.960142148,5.070558956,0.469043909,22,1
P_22_1_5,28,f,17B,Tray 7,0.808871507,4.376538643,0.53040504,22,2
P_22_1_5,28,f,17C,Tray 7,0.324117762,2.821483823,0.511372468,22,1
P_22_1_10,28,f,13C,Tray 8,0.493974309,3.549673774,0.49239895,22,10
P_22_1_2,28,f,14A,Tray 8,0.788598029,4.276922042,0.541480297,22,0
P_22_1_8,28,f,22C,Tray 8,0.626631897,4.683998117,0.358730839,22,12
P_22_1_16,28,f,26C,Tray 8,0.692067137,4.941481133,0.355978348,22,2
P_22_1_3,28,m,14C,Tray 12,0.946442507,4.580009417,0.566697288,22,12
P_22_1_3,28,m,14B,Tray 2,0.774341897,3.739288357,0.695575831,22,3
P_22_1_9,28,m,16A,Tray 4,0.56709637,4.170175557,0.40957914,22,19
P_22_1_9,28,m,16B,Tray 4,1.093084767,7.675186655,0.233058845,7,14
P_22_1_9,28,m,16C,Tray 4,0.725180636,5.772381785,0.273354195,22,15
P_22_1_3,28,m,14A,Tray 8,0.845559219,4.19021995,0.60486719,22,1
P_22_1_11,28,m,25A,Tray 8,0.465385131,5.337257012,0.205194592,22,19
P_22_1_11,28,m,25B,Tray 8,0.487871002,4.954395641,0.249639483,13,18
P_22_1_11,28,m,25C,Tray 8,0.428855771,5.428331203,0.182796646,22,17
P_22_10_2,29,f,19A,Tray 1,0.738749071,4.896280352,0.387038381,22,1
P_22_10_2,29,f,14C,Tray 12,0.771622781,4.529293065,0.472426048,22,0
P_22_10_2,29,f,14B,Tray 2,0.7114448,3.752539181,0.634571229,22,0
P_22_10_2,29,f,19B,Tray 2,0.673191674,4.743458667,0.37578387,22,1
P_22_10_8,29,f,18A,Tray 4,0.848997702,5.812134257,0.315663871,22,3
P_22_10_8,29,f,18B,Tray 4,0.745883924,6.977197821,0.192441535,22,0
P_22_10_8,29,f,18C,Tray 7,0.65279604,5.881818793,0.236997557,22,1
P_22_10_2,29,f,19C,Tray 7,0.68542996,5.22465864,0.315381985,22,0
P_22_10_6,29,f,27A,Tray 7,0.863516245,7.317548934,0.20254843,22,1
P_22_10_6,29,f,27B,Tray 7,0.434664998,4.789668393,0.23797614,22,0
P_22_10_6,29,f,27C,Tray 7,0.483283341,4.264747427,0.333737365,22,0
P_22_10_2,29,f,14A,Tray 8,0.583777537,3.668191296,0.544920401,22,0
P_22_10_16,29,f,25A,Tray 8,0.735324161,6.50043721,0.21856637,22,3
P_22_10_16,29,f,25B,Tray 8,0.610556988,5.049438353,0.300766662,22,2
P_22_10_16,29,f,25C,Tray 8,0.586713821,5.090737876,0.284350821,22,5
P_22_10_1,29,m,7A,Tray 10,0.562192007,3.791080917,0.491301621,22,11
P_22_10_10,29,m,23A,Tray 11,0.418164803,3.521019708,0.423643164,7,2
P_22_10_10,29,m,29A,Tray 11,0.16883405,2.583305307,0.317759254,22,0
P_22_10_9,29,m,26A,Tray 12,0.711019514,4.354409094,0.470991102,22,0
P_22_10_10,29,m,23B,Tray 14,0.470538332,3.162978409,0.590734307,22,1
P_22_10_10,29,m,29B,Tray 14,0.184877289,2.427927625,0.393914286,22,0
P_22_10_10,29,m,23C,Tray 15,0.880419104,4.825116029,0.474967151,22,0
P_22_10_10,29,m,29C,Tray 15,0.653981411,4.275509518,0.449344353,22,0
P_22_10_9,29,m,26B,Tray 2,0.785372189,4.910607385,0.40906727,22,1
P_22_10_1,29,m,7C,Tray 2,0.647167785,3.504203942,0.661953957,22,9
P_22_10_9,29,m,26C,Tray 8,0.755430239,4.931593462,0.390130108,22,0
P_22_11_11,30,f,15B,Tray 1,1.160994811,5.358848456,0.507781608,22,10
P_22_11_12,30,f,24A,Tray 1,0.664088742,4.929979148,0.343182863,22,13
P_22_11_5,30,f,14C,Tray 12,0.913564273,5.253985337,0.415672251,22,8
P_22_11_5,30,f,14B,Tray 2,0.905818637,4.798883433,0.494026778,22,1
P_22_11_11,30,f,15A,Tray 2,0.841509952,4.327974709,0.564260264,7,2
P_22_11_12,30,f,24B,Tray 2,0.551419601,3.795722069,0.480709859,22,12
P_22_11_11,30,f,15C,Tray 3,0.911695729,5.341292796,0.401371737,22,4
P_22_11_12,30,f,24C,Tray 3,0.547175788,3.521221497,0.554280784,22,14
P_22_11_4,30,f,17A,Tray 7,0.702522841,3.869845968,0.589199989,22,1
P_22_11_4,30,f,17B,Tray 7,0.668975008,3.540660523,0.670240945,22,0
P_22_11_4,30,f,17C,Tray 7,0.546017563,3.01688303,0.753493148,22,0
P_22_11_5,30,f,14A,Tray 8,0.885404905,4.988834331,0.446820817,22,6
P_22_11_6,30,m,7A,Tray 10,0.497480657,3.33611354,0.561415234,22,0
P_22_11_6,30,m,7B,Tray 12,0.767808779,3.983856864,0.607624477,22,4
P_22_11_1,30,m,28B,Tray 2,0.032701785,0.71762965,0.797554469,22,0
P_22_11_6,30,m,7C,Tray 2,0.800361262,4.555458398,0.484408249,22,1
P_22_11_1,30,m,28C,Tray 3,0.043492288,0.804600794,0.843802845,22,0
P_22_11_2,30,m,18A,Tray 4,0.458186938,6.177574494,0.150798271,22,1
P_22_11_2,30,m,18B,Tray 4,0.232183579,2.544158203,0.450539544,22,4
P_22_11_2,30,m,18C,Tray 7,0.077994753,1.534808637,0.415859433,22,9
P_22_12_6,31,f,30A,Tray 1,0.856978602,7.450124437,0.193924448,22,3
P_22_12_6,31,f,30B,Tray 2,0.841075617,6.875496065,0.223468651,22,5
P_22_12_6,31,f,30C,Tray 3,0.793651695,6.729602475,0.220110503,22,16
P_22_12_12,31,f,16A,Tray 4,0.995807362,6.253649021,0.319814364,22,16
P_22_12_12,31,f,16B,Tray 4,1.033114905,7.383264949,0.238035296,22,11
P_22_12_12,31,f,16C,Tray 4,0.992183382,6.943431762,0.258483749,22,12
P_22_12_4,31,f,18A,Tray 4,0.622759079,4.53971884,0.379534967,22,6
P_22_12_4,31,f,18B,Tray 4,0.667988706,5.48947333,0.278418058,22,0
P_22_12_4,31,f,18C,Tray 7,0.602291055,4.241877985,0.420416457,22,5
P_22_12_8,31,m,19A,Tray 1,1.091686752,13.10560301,0.079831385,22,0
P_22_12_2,31,m,7A,Tray 10,0.989894076,7.045066254,0.250500272,22,6
P_22_12_10,31,m,14C,Tray 12,0.357452952,2.33698796,0.822044973,22,0
P_22_12_2,31,m,7B,Tray 12,1.015913441,6.215376337,0.330302215,22,17
P_22_12_10,31,m,14B,Tray 2,0.61686389,2.170713661,1.644272936,22,0
P_22_12_8,31,m,19B,Tray 2,0.654569573,6.609134324,0.188215894,22,2
P_22_12_2,31,m,7C,Tray 2,0.93620397,5.716889756,0.359782871,22,7
P_22_12_8,31,m,19C,Tray 7,0.409622887,5.169906504,0.192490134,22,0
P_22_12_14,31,m,27A,Tray 7,0.664183753,5.580412995,0.267883031,22,14
P_22_12_14,31,m,27B,Tray 7,0.56786098,5.187327638,0.26506007,22,15
P_22_12_14,31,m,27C,Tray 7,0.765193722,5.029124908,0.379993522,22,3
P_22_12_10,31,m,14A,Tray 8,0.815789193,3.685343378,0.754417352,22,1
P_22_12_3,31,m,31A,Tray 9,0.726465543,4.307392211,0.491785616,22,6
P_22_12_3,31,m,31B,Tray 9,0.635970093,3.563126387,0.629164019,22,5
P_22_12_3,31,m,31C,Tray 9,0.415445687,4.168830295,0.300244777,22,14
P_22_6_21,32,f,10C,Tray 1,0.590935012,3.554920293,0.587313016,22,1
P_22_6_4,32,f,3A,Tray 1,1.692457636,6.812874151,0.457980211,22,6
P_22_6_1,32,f,1A,Tray 10,0.908813737,5.12813614,0.434055666,22,18
P_22_6_21,32,f,10B,Tray 11,0.610624853,3.633281765,0.580986388,22,0
P_22_6_21,32,f,10A,Tray 14,0.264102657,2.952041434,0.380642706,22,0
P_22_6_4,32,f,3B,Tray 2,1.191162977,7.363287819,0.27594166,22,1
P_22_6_4,32,f,3C,Tray 3,1.067011111,8.630860295,0.179907972,22,5
P_22_6_5,32,f,6B,Tray 3,0.556459693,3.361740768,0.618436209,22,0
P_22_6_5,32,f,6C,Tray 4,0.733410374,3.983251497,0.580578878,22,0
P_22_6_1,32,f,1B,Tray 5,0.558319189,4.396515773,0.362789678,22,18
P_22_6_5,32,f,6A,Tray 8,0.760271262,3.839241273,0.647839468,7,1
P_22_6_1,32,f,1C,Tray 9,0.730284069,5.359991928,0.319266385,22,18
P_22_6_3,32,m,22A,Tray 12,0.838143858,4.649693953,0.486922082,22,0
P_22_6_2,32,m,5C,Tray 12,1.021573365,4.869307863,0.54115881,22,4
P_22_6_3,32,m,22B,Tray 2,0.547478918,3.419654268,0.588020732,22,1
P_22_6_2,32,m,5B,Tray 2,1.055161917,5.760408959,0.399394531,22,1
P_22_6_3,32,m,22C,Tray 8,0.842509827,5.739019304,0.321284107,22,0
P_22_6_13,32,m,4A,Tray 8,0.803949047,4.363893186,0.530236891,22,0
P_22_6_13,32,m,4B,Tray 8,0.902588273,4.916862851,0.46892473,22,0
P_22_6_13,32,m,4C,Tray 8,0.658446915,3.548732091,0.656695407,22,3
P_22_6_2,32,m,5A,Tray 8,0.848445735,4.841057375,0.454708686,7,6
P_24_5_8,33,f,15B,Tray 1,0.950220314,4.784085559,0.521454085,22,11
P_24_5_16,33,f,14C,Tray 12,0.49350378,3.450595278,0.52058551,22,7
P_24_5_16,33,f,14B,Tray 2,0.574692703,3.799017959,0.500129681,22,8
P_24_5_8,33,f,15A,Tray 2,0.935756063,4.987690859,0.47244715,22,12
P_24_5_8,33,f,15C,Tray 3,0.828900672,5.004237573,0.415734717,22,7
P_24_5_16,33,f,20A,Tray 4,0.678951134,8.699334096,0.112682413,22,15
P_24_5_16,33,f,20B,Tray 4,0.517405763,4.248671554,0.360010015,22,5
P_24_5_16,33,f,20C,Tray 4,0.793086155,7.610546849,0.171980133,22,15
P_24_5_15,33,f,17A,Tray 7,0.703907283,4.39052936,0.458639364,22,5
P_24_5_15,33,f,17B,Tray 7,0.495331605,3.728122688,0.447615675,22,4
P_24_5_15,33,f,17C,Tray 7,0.65345659,3.83655075,0.557602211,22,0
P_24_5_16,33,f,14A,Tray 8,0.872795625,6.136745813,0.291089091,22,16
P_24_5_14,33,f,25A,Tray 8,0.113307071,1.961592789,0.369852824,22,6
P_24_5_14,33,f,25B,Tray 8,0.056621865,1.376336853,0.375425988,7,2
P_24_5_14,33,f,25C,Tray 8,0.249163353,3.160355149,0.313330034,22,10
P_24_5_18,33,m,24A,Tray 1,0.214253699,2.251294814,0.530949513,22,0
P_24_5_17,33,m,21A,Tray 10,0.88247767,4.706127665,0.500456064,17,2
P_24_5_17,33,m,21B,Tray 10,0.947397138,5.613573687,0.377609448,15,6
P_24_5_17,33,m,21C,Tray 10,0.813821114,4.008206094,0.636236389,22,14
P_24_5_6,33,m,23A,Tray 11,0.696292852,4.345866685,0.463050947,7,12
P_24_5_6,33,m,23B,Tray 14,0.316471662,2.55155714,0.610539645,19,1
P_24_5_6,33,m,23C,Tray 15,0.07116303,1.471850407,0.412588125,22,7
P_24_5_18,33,m,24B,Tray 2,0.358321622,2.609739692,0.66079732,22,0
P_24_5_18,33,m,24C,Tray 3,0.244829054,2.097060604,0.699247031,22,0
P_24_6_20,34,f,29A,Tray 11,0.663315084,5.336718908,0.292523564,22,2
P_24_6_20,34,f,29B,Tray 14,0.617266554,4.556265555,0.373460203,22,2
P_24_6_20,34,f,29C,Tray 15,0.596332526,4.577789736,0.357409799,22,1
P_24_6_7,34,f,6B,Tray 3,0.887522287,4.821349297,0.479547592,22,0
P_24_6_7,34,f,6C,Tray 4,0.623442251,3.696912625,0.572937829,22,0
P_24_6_7,34,f,6A,Tray 8,0.961933778,5.950359857,0.341230901,22,1
P_24_6_15,34,f,31A,Tray 9,0.970887408,8.866751867,0.155106286,22,2
P_24_6_15,34,f,31B,Tray 9,0.921508979,8.446290442,0.16223972,22,2
P_24_6_15,34,f,31C,Tray 9,0.569005633,5.980157396,0.199839335,22,3
P_24_6_13,34,m,30A,Tray 1,0.928919815,8.874890698,0.148129597,22,10
P_24_6_4,34,m,5C,Tray 12,0.930924089,5.028788592,0.462356695,22,0
P_24_6_13,34,m,30B,Tray 2,0.821729625,8.601937176,0.139484532,7,19
P_24_6_4,34,m,5B,Tray 2,1.108924412,5.855518935,0.406219535,22,1
P_24_6_13,34,m,30C,Tray 3,0.950776805,8.989977803,0.147757991,22,11
P_24_6_14,34,m,20A,Tray 4,0.946813501,5.273827941,0.42756502,22,0
P_24_6_14,34,m,20B,Tray 4,0.990835135,5.241608933,0.452962038,22,0
P_24_6_14,34,m,20C,Tray 4,0.829434542,4.744534876,0.462790537,22,3
P_24_6_4,34,m,5A,Tray 8,1.070951794,5.449451806,0.452953823,22,0
P_4_11_26,35,f,23A,Tray 11,0.595287408,4.907244232,0.310485261,11,2
P_4_11_6,35,f,22A,Tray 12,0.73217071,4.993004641,0.368874005,22,3
P_4_11_26,35,f,23B,Tray 14,0.392665735,4.029326697,0.303771959,22,0
P_4_11_26,35,f,23C,Tray 15,0.163214845,1.844555055,0.602512487,22,14
P_4_11_6,35,f,22B,Tray 2,0.627455323,4.293536019,0.427506012,22,1
P_4_11_6,35,f,22C,Tray 8,0.786865215,5.77621578,0.296212355,22,14
P_4_11_19,35,f,25A,Tray 8,0.814685259,5.329050918,0.360312856,22,2
P_4_11_19,35,f,25B,Tray 8,0.834940639,5.499831842,0.346694073,22,0
P_4_11_19,35,f,25C,Tray 8,0.774531918,5.437344454,0.329044978,22,3
P_4_11_10,35,m,24A,Tray 1,0.71244015,4.306383265,0.482517054,22,17
P_4_11_28,35,m,28A,Tray 1,1.12959603,5.905159077,0.406864309,22,2
P_4_11_15,35,m,30A,Tray 1,0.591260763,5.529225802,0.242907009,7,6
P_4_11_1,35,m,14C,Tray 12,0.858489725,4.420394162,0.551826748,22,0
P_4_11_1,35,m,14B,Tray 2,0.910085071,5.458128742,0.383693179,22,5
P_4_11_10,35,m,24B,Tray 2,0.615013443,3.644043856,0.581710708,22,6
P_4_11_28,35,m,28B,Tray 2,0.91581286,6.406672496,0.280240778,22,12
P_4_11_15,35,m,30B,Tray 2,0.591075266,5.898903612,0.213348614,22,1
P_4_11_10,35,m,24C,Tray 3,0.593075015,3.690858949,0.546819976,22,17
P_4_11_28,35,m,28C,Tray 3,0.635504088,5.942221026,0.226053057,22,8
P_4_11_15,35,m,30C,Tray 3,0.616108328,6.166476088,0.203503843,22,1
P_4_11_2,35,m,20A,Tray 4,0.422091913,5.927557678,0.150884662,22,6
P_4_11_2,35,m,20B,Tray 4,0.412993505,4.946055021,0.212038623,22,5
P_4_11_2,35,m,20C,Tray 4,0.351268207,4.604089594,0.208133003,22,5
P_4_11_28,35,m,17A,Tray 7,1.090162057,6.29663012,0.345353878,22,1
P_4_11_28,35,m,17B,Tray 7,1.181675478,6.272617206,0.377216162,22,1
P_4_11_28,35,m,17C,Tray 7,0.716530136,5.353601937,0.314001662,22,0
P_4_11_1,35,m,14A,Tray 8,0.782024192,4.965359521,0.39839,22,0
P_6_1_4,36,f,7A,Tray 10,0.189591631,2.306383265,0.44765748,22,1
P_6_1_10,36,f,14C,Tray 12,0.512044443,3.516311293,0.52014289,22,0
P_6_1_4,36,f,7B,Tray 12,0.167540095,2.393421672,0.367341469,22,1
P_6_1_10,36,f,14B,Tray 2,0.61686389,4.429003834,0.394972515,22,1
P_6_1_4,36,f,7C,Tray 2,0.441754607,2.853164727,0.681580308,22,3
P_6_1_10,36,f,14A,Tray 8,1.069865957,5.723952378,0.410135143,22,0
P_6_1_11,36,f,31A,Tray 9,0.739767043,8.019102711,0.144488428,22,0
P_6_1_5,36,f,31A,Tray 9,0.933873946,9.337593328,0.134526545,22,0
P_6_1_11,36,f,31B,Tray 9,0.494309109,5.245577453,0.225632495,22,0
P_6_1_5,36,f,31B,Tray 9,0.863493623,7.872401964,0.17499847,22,0
P_6_1_11,36,f,31C,Tray 9,0.334387969,3.283648349,0.389517523,22,0
P_6_1_5,36,f,31C,Tray 9,0.535123,10.40889218,0.062034636,22,0
P_6_1_9,36,m,21A,Tray 10,0.612941304,4.37559696,0.402099843,22,1
P_6_1_9,36,m,21B,Tray 10,0.309780192,3.990986749,0.244277076,22,0
P_6_1_9,36,m,21C,Tray 10,0.362013467,3.610412323,0.348819504,22,0
P_6_1_13,36,m,22A,Tray 12,0.267138476,2.673168763,0.469540792,22,0
P_6_1_13,36,m,22B,Tray 2,0.39336248,3.573619426,0.386870819,22,2
P_6_1_19,36,m,17A,Tray 7,0.413038748,3.073249479,0.549268637,7,4
P_6_1_19,36,m,17B,Tray 7,0.296085076,2.626622721,0.539027302,22,0
P_6_1_19,36,m,17C,Tray 7,0.419422564,3.006928096,0.582633355,22,0
P_6_1_13,36,m,22C,Tray 8,0.303251599,2.772314522,0.495573116,22,0
P_6_1_17,36,m,31A,Tray 9,0.326049647,3.132037398,0.417464448,22,3
P_6_1_17,36,m,31B,Tray 9,0.042542181,2.030671958,0.129577575,22,1
P_6_1_17,36,m,31C,Tray 9,0.221542379,2.391538306,0.486509999,22,2
P_6_18_1,37,f,10C,Tray 1,0.243241018,4.24571198,0.169482707,22,1
P_6_18_10,37,f,15B,Tray 1,0.636142017,4.017017556,0.495149405,22,2
P_6_18_7,37,f,9A,Tray 1,0.635205483,5.337526064,0.280042445,22,1
P_6_18_5,37,f,11A,Tray 10,0.873130425,8.400349768,0.155408233,22,0
P_6_18_5,37,f,11B,Tray 10,0.870049363,6.966906572,0.225140465,22,0
P_6_18_5,37,f,11C,Tray 10,0.739423195,6.644918275,0.210331065,7,6
P_6_18_1,37,f,10B,Tray 11,0.11038436,2.689042847,0.191735151,22,0
P_6_18_16,37,f,5C,Tray 12,0.43534817,3.14084886,0.554283928,22,0
P_6_18_1,37,f,10A,Tray 14,0.70585274,6.485168494,0.210795442,22,0
P_6_18_10,37,f,15A,Tray 2,0.855453907,5.166139773,0.402581626,7,1
P_6_18_16,37,f,5B,Tray 2,0.478813313,3.119391942,0.618039119,22,1
P_6_18_7,37,f,9B,Tray 2,0.568951341,4.314589359,0.383871464,22,0
P_6_18_10,37,f,15C,Tray 3,0.634662565,5.03598574,0.314313865,22,5
P_6_18_7,37,f,9C,Tray 3,0.661306285,6.887805206,0.175077597,22,0
P_6_18_16,37,f,5A,Tray 8,0.416888945,2.638191969,0.752310685,22,0
P_6_18_6,37,m,2B,Tray 1,0.932901217,6.609874218,0.268187733,22,1
P_6_18_6,37,m,2C,Tray 1,0.955373514,7.903275711,0.19210938,22,0
P_6_18_13,37,m,12A,Tray 15,1.007620362,4.640075335,0.587809379,22,1
P_6_18_6,37,m,2A,Tray 3,0.988554877,7.913230645,0.198281764,22,2
P_6_18_12,37,m,16A,Tray 4,1.136373461,6.720118383,0.316050786,22,0
P_6_18_12,37,m,16B,Tray 4,1.089858927,6.440640344,0.329990798,22,5
P_6_18_12,37,m,16C,Tray 4,1.135011641,6.637922917,0.323538186,22,1
P_6_18_13,37,m,12B,Tray 5,0.739649411,7.078899576,0.185389039,22,0
P_6_18_13,37,m,12C,Tray 9,0.625351514,8.380305374,0.111839227,22,0
P_6_2_12,38,f,10C,Tray 1,0.138335609,2.001883366,0.433556882,22,0
P_6_2_25,38,f,2B,Tray 1,0.640874456,5.411044595,0.274916227,22,1
P_6_2_25,38,f,2C,Tray 1,0.561029256,4.942691868,0.288435077,7,1
P_6_2_9,38,f,9A,Tray 1,0.252592787,3.324880608,0.286984522,22,0
P_6_2_12,38,f,10B,Tray 11,0.040470043,1.204210668,0.350524486,22,0
P_6_2_12,38,f,10A,Tray 14,1.148982741,5.022196812,0.572157623,22,0
P_6_2_9,38,f,9B,Tray 2,0.262876567,2.627631667,0.478203267,22,0
P_6_2_25,38,f,2A,Tray 3,0.948722764,6.870182283,0.25245992,22,4
P_6_2_9,38,f,9C,Tray 3,0.429706343,3.624806619,0.410763381,22,1
P_6_2_22,38,f,4A,Tray 8,0.514532819,7.12416762,0.127331092,22,0
P_6_2_22,38,f,4B,Tray 8,0.61353399,6.97410372,0.158435122,22,3
P_6_2_22,38,f,4C,Tray 8,0.513718442,6.551826192,0.150310756,22,3
P_6_2_13,38,m,3A,Tray 1,0.446916857,4.389385888,0.291345858,22,1
P_6_2_23,38,m,13A,Tray 12,0.562775644,3.856393354,0.475293945,22,0
P_6_2_3,38,m,12A,Tray 15,0.39632591,4.519539921,0.243698946,22,1
P_6_2_23,38,m,13B,Tray 2,0.363185266,3.331539652,0.410986813,22,2
P_6_2_13,38,m,3B,Tray 2,0.485486685,4.938521558,0.250019024,22,0
P_6_2_13,38,m,3C,Tray 3,0.58861856,4.389049573,0.383780248,22,1
P_6_2_3,38,m,12B,Tray 5,0.400031328,4.070020852,0.303312546,22,1
P_6_2_23,38,m,13C,Tray 8,0.387634691,2.852761149,0.598248274,22,2
P_6_2_3,38,m,12C,Tray 9,0.591930362,4.204546983,0.420554067,22,0
P_6_3_8,39,f,2B,Tray 1,1.438765439,7.33456649,0.335916036,22,0
P_6_3_8,39,f,2C,Tray 1,1.321476967,9.782874823,0.173426813,22,0
P_6_3_24,39,f,11A,Tray 10,1.059957696,6.178852492,0.348708487,22,1
P_6_3_24,39,f,11B,Tray 10,0.926372623,5.060738548,0.454305034,22,0
P_6_3_24,39,f,11C,Tray 10,1.039942104,5.549471985,0.424126565,22,0
P_6_3_11,39,f,13A,Tray 12,1.115968778,7.722136275,0.235053521,22,12
P_6_3_11,39,f,13B,Tray 2,0.893431049,9.117239524,0.134996948,7,18
P_6_3_8,39,f,2A,Tray 3,1.158447619,8.463375261,0.203132234,22,1
P_6_3_22,39,f,18A,Tray 4,0.559364307,5.121140782,0.267886581,22,0
P_6_3_22,39,f,18B,Tray 4,0.396303288,4.496334163,0.246206863,22,2
P_6_3_22,39,f,18C,Tray 7,0.47247474,4.430819937,0.30227347,22,11
P_6_3_11,39,f,13C,Tray 8,1.12021259,5.923185579,0.401032352,22,1
P_6_3_10,39,m,12A,Tray 15,0.589102662,5.051187193,0.289997129,22,5
P_6_3_12,39,m,6B,Tray 3,0.507094837,3.736126993,0.456284346,22,0
P_6_3_14,39,m,16A,Tray 4,0.734758621,4.351651308,0.487333372,22,1
P_6_3_14,39,m,16B,Tray 4,0.844360274,5.438487926,0.358559385,22,1
P_6_3_14,39,m,16C,Tray 4,0.751928416,5.969664357,0.26501247,22,0
P_6_3_12,39,m,6C,Tray 4,0.494245768,3.117575839,0.638702396,22,0
P_6_3_10,39,m,12B,Tray 5,0.640915175,9.549875563,0.088266269,22,2
P_6_3_4,39,m,4A,Tray 8,0.493399721,4.341965427,0.328712195,22,1
P_6_3_4,39,m,4B,Tray 8,0.316643586,2.985807493,0.446104626,22,2
P_6_3_4,39,m,4C,Tray 8,0.234513604,3.371964754,0.259054791,22,4
P_6_3_12,39,m,6A,Tray 8,0.516514472,3.387300733,0.565411479,7,3
P_6_3_10,39,m,12C,Tray 9,0.845590889,6.403040291,0.259046343,22,2
P_6_5_2,40,f,24A,Tray 1,0.85420067,6.904284657,0.22506718,22,1
P_6_5_10,40,f,21A,Tray 10,1.183747616,5.94053945,0.421305364,22,2
P_6_5_10,40,f,21B,Tray 10,0.943637428,5.766260846,0.356456246,22,10
P_6_5_10,40,f,21C,Tray 10,1.181467359,6.672496132,0.333299533,22,2
P_6_5_9,40,f,22A,Tray 12,0.680150078,3.963072577,0.543914129,22,3
P_6_5_9,40,f,22B,Tray 2,0.992056701,5.215779915,0.45802335,22,2
P_6_5_2,40,f,24B,Tray 2,0.361162895,5.043317414,0.17834468,22,1
P_6_5_2,40,f,24C,Tray 3,0.891137219,6.678886124,0.250914722,22,1
P_6_5_11,40,f,27A,Tray 7,1.139698837,7.998385686,0.223756191,22,10
P_6_5_11,40,f,27B,Tray 7,1.029599509,6.627160826,0.294444161,22,6
P_6_5_11,40,f,27C,Tray 7,1.240111595,6.426313311,0.377160859,22,9
P_6_5_9,40,f,22C,Tray 8,0.743458889,4.031479115,0.574536691,22,1
P_6_5_4,40,m,19A,Tray 1,0.822435419,5.964619627,0.290352746,22,0
P_6_5_20,40,m,8C,Tray 12,1.354495454,7.066792224,0.340661101,22,1
P_6_5_20,40,m,8A,Tray 15,1.275559643,6.198896886,0.416928502,22,2
P_6_5_4,40,m,19B,Tray 2,0.71647132,4.47191767,0.449987915,22,2
P_6_5_20,40,m,8B,Tray 2,1.181173278,5.671756239,0.461177529,22,6
P_6_5_4,40,m,19C,Tray 7,0.75546191,4.8810789,0.398263546,22,0
P_6_5_3,40,m,25A,Tray 8,0.668721646,6.973498352,0.172716415,22,2
P_6_5_3,40,m,25B,Tray 8,0.18893108,4.940404924,0.097222762,22,1
P_6_5_3,40,m,25C,Tray 8,0.721574753,6.047353198,0.247822252,22,0
P_6_6_17,41,f,19A,Tray 1,0.445469074,4.888208785,0.234157301,22,0
P_6_6_17,41,f,19B,Tray 2,0.755864574,6.456850743,0.22771526,22,0
P_6_6_22,41,f,18A,Tray 4,0.725936197,5.02347481,0.36130971,22,1
P_6_6_22,41,f,18B,Tray 4,0.583935889,5.071635165,0.285140429,22,0
P_6_6_22,41,f,18C,Tray 7,0.512465205,4.177170915,0.368883757,22,0
P_6_6_17,41,f,19C,Tray 7,0.379907153,5.164861774,0.178875023,22,0
P_6_6_18,41,f,27A,Tray 7,0.90230324,5.822963611,0.3342366,22,1
P_6_6_18,41,f,27B,Tray 7,0.859430784,5.135938656,0.409223805,22,0
P_6_6_18,41,f,27C,Tray 7,0.879821894,4.395035986,0.572083647,22,0
P_6_6_14,41,m,21A,Tray 10,0.552727129,3.728459003,0.49939211,22,0
P_6_6_14,41,m,21B,Tray 10,0.526201041,4.423555526,0.337752347,22,1
P_6_6_14,41,m,21C,Tray 10,0.648212903,4.50723078,0.400763094,22,0
P_6_6_25,41,m,22A,Tray 12,0.750340379,5.6805677,0.292054887,22,7
P_6_6_20,41,m,26A,Tray 12,0.72006363,4.832111388,0.38733491,22,2
P_6_6_15,41,m,8C,Tray 12,1.020392517,4.974238246,0.517968966,22,0
P_6_6_15,41,m,8A,Tray 15,0.964906257,5.112934688,0.463590227,22,0
P_6_6_25,41,m,22B,Tray 2,0.809179161,5.195130154,0.376566311,22,6
P_6_6_20,41,m,26B,Tray 2,0.861344571,6.009147777,0.299599298,22,4
P_6_6_15,41,m,8B,Tray 2,0.989514033,4.874419856,0.523077126,22,4
P_6_6_25,41,m,22C,Tray 8,0.81787038,4.894060671,0.428879632,22,4
P_6_6_20,41,m,26C,Tray 8,1.091379099,6.629515033,0.311890217,22,11
P_6_8_3,42,f,24A,Tray 1,0.752055097,4.351987624,0.49872828,22,0
P_6_8_11,42,f,28A,Tray 1,1.029934308,5.823434452,0.381452778,22,0
P_6_8_15,42,f,22A,Tray 12,0.806767699,4.961861842,0.411574828,22,2
P_6_8_15,42,f,22B,Tray 2,0.91191742,5.744938454,0.34703589,22,0
P_6_8_3,42,f,24B,Tray 2,0.717692886,4.082666308,0.540804767,22,0
P_6_8_11,42,f,28B,Tray 2,0.939719367,5.303289164,0.419659638,22,0
P_6_8_3,42,f,24C,Tray 3,0.736934819,3.776013991,0.649159664,22,0
P_6_8_11,42,f,28C,Tray 3,0.932987179,5.276316675,0.420923922,22,1
P_6_8_15,42,f,22C,Tray 8,0.913378776,6.071029798,0.311254634,22,0
P_6_8_16,42,f,25A,Tray 8,0.962064984,6.651644582,0.273108978,22,2
P_6_8_16,42,f,25B,Tray 8,0.94126216,5.594941817,0.377667045,7,6
P_6_8_16,42,f,25C,Tray 8,0.964458349,5.511535616,0.39877496,22,1
P_6_8_26,42,m,23A,Tray 11,1.021125457,6.453151275,0.307981799,8,2
P_6_8_4,42,m,29A,Tray 11,0.658867677,4.951772382,0.337494341,22,1
P_6_8_20,42,m,26A,Tray 12,0.959341343,5.366785498,0.418344752,22,6
P_6_8_26,42,m,23B,Tray 14,1.003792787,5.07634358,0.489250967,22,0
P_6_8_4,42,m,29B,Tray 14,0.638259399,4.329185444,0.427734696,22,0
P_6_8_26,42,m,23C,Tray 15,0.417436387,3.776552095,0.36761141,22,0
P_6_8_4,42,m,29C,Tray 15,0.478012508,3.427120468,0.511175651,22,1
P_6_8_20,42,m,26B,Tray 2,0.871347843,5.739221094,0.332257879,7,2
P_6_8_20,42,m,26C,Tray 8,0.823258845,5.096253447,0.398129179,22,0
P_9_11_11,43,f,21A,Tray 10,0.440112279,3.005111993,0.61211328,22,1
P_9_11_11,43,f,21B,Tray 10,0.554858084,3.556400081,0.550998396,22,1
P_9_11_11,43,f,21C,Tray 10,0.457585203,2.992466537,0.641804868,22,2
P_9_11_1,43,f,22A,Tray 12,0.557780795,3.819129616,0.480313065,22,0
P_9_11_1,43,f,22B,Tray 2,0.457408755,3.520078025,0.463649218,7,7
P_9_11_10,43,f,16A,Tray 4,1.130935229,6.361740768,0.350974396,22,2
P_9_11_10,43,f,16B,Tray 4,1.226692462,7.206430349,0.296677731,22,1
P_9_11_10,43,f,16C,Tray 4,0.604200318,4.652182686,0.350636456,22,13
P_9_11_1,43,f,22C,Tray 8,0.554812841,4.122015201,0.410125682,22,0
P_9_11_3,43,m,15B,Tray 1,0.732279294,3.695500101,0.673472639,22,0
P_9_11_14,43,m,23A,Tray 11,0.664495931,4.705118719,0.376999517,15,5
P_9_11_7,43,m,14C,Tray 12,0.563404524,3.351449519,0.630005883,22,5
P_9_11_14,43,m,23B,Tray 14,0.755308083,4.612699267,0.445865111,17,6
P_9_11_14,43,m,23C,Tray 15,0.81254978,4.603686016,0.481535405,22,6
P_9_11_7,43,m,14B,Tray 2,0.482441818,3.054617609,0.649412857,22,0
P_9_11_3,43,m,15A,Tray 2,0.591301482,3.313916728,0.676262684,22,0
P_9_11_3,43,m,15C,Tray 3,0.60784692,3.766597161,0.538127901,22,0
P_9_11_20,43,m,20A,Tray 4,0.440189193,5.074998318,0.214663008,22,4
P_9_11_20,43,m,20B,Tray 4,0.282326618,3.068204749,0.376680198,22,3
P_9_11_20,43,m,20C,Tray 4,0.501950685,4.029192171,0.388342327,22,2
P_9_11_7,43,m,14A,Tray 8,0.425313229,2.874419856,0.646544053,22,0
P_9_20_7,44,f,11A,Tray 10,0.89033189,6.656487523,0.252377901,22,6
P_9_20_7,44,f,11B,Tray 10,0.721330439,7.044057308,0.182590483,22,2
P_9_20_7,44,f,11C,Tray 10,0.807066304,7.277123831,0.191416479,22,1
P_9_20_5,44,f,21A,Tray 10,0.8026008,3.912827067,0.658427437,22,0
P_9_20_5,44,f,21B,Tray 10,0.725063003,5.107957221,0.34903653,22,0
P_9_20_5,44,f,21C,Tray 10,0.683294481,3.873612699,0.571959345,22,0
P_9_20_14,44,f,12A,Tray 15,1.207984399,11.61882021,0.112389801,7,12
P_9_20_14,44,f,12B,Tray 5,0.324343978,5.351382256,0.142253687,22,1
P_9_20_4,44,f,25A,Tray 8,0.397778217,5.56077218,0.16156989,22,10
P_9_20_4,44,f,25B,Tray 8,0.423164177,5.256070492,0.192387199,22,16
P_9_20_4,44,f,25C,Tray 8,0.239924691,3.467209255,0.250671221,22,5
P_9_20_14,44,f,12C,Tray 9,1.161130541,13.89607856,0.075524206,22,11
P_9_20_10,44,m,1A,Tray 10,0.793271652,3.986950965,0.626801151,22,5
P_9_20_9,44,m,5C,Tray 12,0.435302927,3.578731419,0.426896913,22,0
P_9_20_6,44,m,8C,Tray 12,0.792262729,4.584448779,0.473461441,22,0
P_9_20_6,44,m,8A,Tray 15,0.494376974,4.552566086,0.299595549,22,0
P_9_20_9,44,m,5B,Tray 2,0.40025302,2.831035179,0.627239969,22,0
P_9_20_6,44,m,8B,Tray 2,0.847966157,4.531109168,0.518751192,22,0
P_9_20_1,44,m,6B,Tray 3,0.515048592,4.314925674,0.347449111,22,0
P_9_20_9,44,m,18A,Tray 4,0.462720307,4.577789736,0.277329786,22,1
P_9_20_9,44,m,18B,Tray 4,0.500430514,4.449115491,0.317530951,22,0
P_9_20_1,44,m,6C,Tray 4,0.621542037,5.593058452,0.249552216,22,0
P_9_20_10,44,m,1B,Tray 5,0.776735262,3.77951167,0.682953728,22,6
P_9_20_9,44,m,18C,Tray 7,0.520405387,3.820878456,0.447718435,22,1
P_9_20_9,44,m,5A,Tray 8,0.507995177,3.369879599,0.561850096,22,0
P_9_20_1,44,m,6A,Tray 8,0.643742875,5.48113271,0.269129584,22,3
P_9_20_10,44,m,1C,Tray 9,0.763994777,3.673236026,0.711184625,22,1
P_9_3_6,45,f,1A,Tray 10,0.687425185,5.129548665,0.328138184,22,4
P_9_3_8,45,f,5C,Tray 12,1.002037351,4.967444676,0.510043799,22,1
P_9_3_8,45,f,5B,Tray 2,1.126297801,5.392950831,0.486395954,22,0
P_9_3_2,45,f,6B,Tray 3,0.778495223,4.809241945,0.422758491,22,0
P_9_3_2,45,f,6C,Tray 4,0.969168166,5.013049035,0.484378519,22,0
P_9_3_6,45,f,1B,Tray 5,0.511058142,4.053608663,0.390639641,22,3
P_9_3_11,45,f,4A,Tray 8,0.681299256,5.406336181,0.292766552,22,2
P_9_3_11,45,f,4B,Tray 8,0.775644901,6.45106612,0.234093629,22,3
P_9_3_11,45,f,4C,Tray 8,0.674815905,5.236227887,0.309127663,22,0
P_9_3_8,45,f,5A,Tray 8,1.296973249,5.828546445,0.479512723,22,0
P_9_3_2,45,f,6A,Tray 8,0.955839519,5.423488263,0.408147568,22,1
P_9_3_6,45,f,1C,Tray 9,0.566526305,3.609201587,0.546244956,22,4
P_9_3_10,45,m,10C,Tray 1,0.028023638,1.007062622,0.347057316,22,0
P_9_3_12,45,m,24A,Tray 1,0.603313551,3.727988162,0.54523493,22,0
P_9_3_10,45,m,10B,Tray 11,0.023947226,1.152619896,0.226398021,22,0
P_9_3_14,45,m,29A,Tray 11,1.008398545,6.137620233,0.336218669,22,0
P_9_3_10,45,m,10A,Tray 14,0.046003286,1.754826125,0.18763347,22,0
P_9_3_14,45,m,29B,Tray 14,0.535679491,5.191161633,0.249669537,22,0
P_9_3_14,45,m,29C,Tray 15,0.717281173,4.576242685,0.430190659,22,0
P_9_3_12,45,m,24B,Tray 2,0.199545135,2.272280891,0.4854078,22,0
P_9_3_12,45,m,24C,Tray 3,0.564522031,3.234815363,0.677597104,22,2
P_9_3_3,45,m,20A,Tray 4,0.18587264,4.152418107,0.135395102,22,0
P_9_3_3,45,m,20B,Tray 4,0.179696943,1.886728997,0.634032149,22,0
P_9_3_3,45,m,20C,Tray 4,0.336374145,3.316674514,0.384066599,22,3
P_9_7_12,46,f,11A,Tray 10,0.820254697,9.761619695,0.108117152,22,3
P_9_7_12,46,f,11B,Tray 10,0.902466116,8.607587274,0.152988108,22,1
P_9_7_12,46,f,11C,Tray 10,0.752023426,7.520952445,0.166984178,22,0
P_9_7_1,46,f,8C,Tray 12,0.842197649,4.546579673,0.511721957,22,0
P_9_7_1,46,f,8A,Tray 15,0.779893238,5.123225937,0.373196684,22,0
P_9_7_1,46,f,8B,Tray 2,0.814640016,4.133988027,0.598710603,22,0
P_9_7_3,46,f,6B,Tray 3,0.774301178,3.924194525,0.631536571,22,0
P_9_7_21,46,f,20A,Tray 4,0.461231805,4.504674783,0.28548415,22,2
P_9_7_21,46,f,20B,Tray 4,0.648095271,5.222506222,0.298449297,22,12
P_9_7_21,46,f,20C,Tray 4,0.541334891,4.170780924,0.390859707,22,4
P_9_7_3,46,f,6C,Tray 4,0.721280672,3.775072308,0.63568708,22,0
P_9_7_3,46,f,6A,Tray 8,0.945130454,3.975785296,0.750992414,22,0
P_9_7_4,46,m,1A,Tray 10,0.621238907,3.919351584,0.507948684,22,4
P_9_7_18,46,m,5C,Tray 12,0.412269614,3.372233806,0.455339798,22,0
P_9_7_18,46,m,5B,Tray 2,0.423960457,3.15423421,0.535213569,22,0
P_9_7_4,46,m,1B,Tray 5,0.519921285,5.010694827,0.260094597,22,6
P_9_7_11,46,m,25A,Tray 8,0.555717705,3.556131028,0.551935545,22,1
P_9_7_11,46,m,25B,Tray 8,0.446808273,4.006524517,0.349603068,22,2
P_9_7_11,46,m,25C,Tray 8,0.566110068,3.634290711,0.538333231,22,2
P_9_7_10,46,m,4A,Tray 8,0.516170623,5.916324746,0.185216177,22,2
P_9_7_10,46,m,4B,Tray 8,0.617180592,4.415282169,0.397635338,22,3
P_9_7_10,46,m,4C,Tray 8,0.542022588,4.266899845,0.373922955,22,2
P_9_7_18,46,m,5A,Tray 8,0.458159792,3.44010224,0.486254812,22,0
P_9_7_4,46,m,1C,Tray 9,0.465190585,3.513418982,0.473326336,22,7